	en	fr	es	el	it	ar	de	ja	hu	pt	hr	sl
deepfake_label	Media link	Media lien	Media link	σύνδεσμος πολυμέσων	Link multimediale	رابط الوسائط	Medienlink	メディアリンク	Média link	Link de mídia	Veza medija	Povezava medija
deepfake_name	Deepfake	Deepfake	Deepfake	Deepfake	Deepfake	تزوير عميق	Deepfake	ディープフェイク	Deepfake	Deepfake	Deepfake	Deepfake
deepfake_image_title	Face swap	Échange de visage	Intercambio de caras	Ανταλλαγή προσώπου	Scambio di volti	تبديل الوجه	Gesichtstausch	フェイススワップ	Arccsere (face swap)	Troca de rostos	Zamjena lica	Zamenjava obraza
deepfake_placeholder	Paste the URL here	Collez le lien ici	Pega aquí el link	Επικολλήστε τη διεύθυνση σύνδεσμος εδώ	Incolla l'URL qui	الصق عنوان URL هنا	Fügen Sie die URL hier ein	ここにURLを貼り付けてください	Illessze be ide az URL-t	Cole o link aqui	Zalijepite URL ovdje	Prilepite URL tukaj
deepfake_support	Your browser does not support the video tag.	Votre navigateur ne prend pas en charge la balise vidéo.	Su navegador no soporta la etiqueta de vídeo.	Το πρόγραμμα περιήγησής σας δεν υποστηρίζει την ετικέτα βίντεο.	Il tuo browser non supporta il video tag.	متصفحك الحالي لا يدعم تشغيل الفيديو.	Ihr Browser unterstützt das Video -Tag nicht.	お使いのブラウザはvideoタグをサポートしていません。	A böngésző nem támogatja a videó címkét.	Seu navegador não suporta a tag de vídeo.	Vaš preglednik ne podržava oznaku videozapisa.	Vaš brskalnik ne podpira video oznake.
deepfake_clips	Clips of the video	Clips de la vidéo	Clips del vídeo	Αποσπάσματα του βίντεο	Clip del video	مقاطع فيديو	Clips des Videos	動画のクリップ	Videó klipek	Clipes do vídeo	Isječci videozapisa	Posnetki videa
deepfake_select	Select a shot to see the analysis results of that clip	Sélectionnez un plan pour voir les résultats de l'analyse de ce clip.	Seleccione un clip para ver los resultados del análisis de ese clip	Επιλέξτε ένα πλάνο για να δείτε τα αποτελέσματα της ανάλυσης του συγκεκριμένου κλιπ	Seleziona uno scatto per vedere i risultati di analisi di quella clip	حدد لقطة لرؤية نتائج التحليل لهذا المقطع	Wählen Sie eine Aufnahme aus, um die Analyseergebnisse dieses Clips anzuzeigen	映像を選択すると分析結果が表示されます	Válasszon egy felvételt a klip elemzési eredményeinek megtekintéséhez	Selecione um clipe para ver os resultados da análise desse clipe	Odaberite snimku da biste vidjeli rezultate analize tog isječka.	Izberite posnetek, da si ogledate rezultate analize tega posnetka
deepfake_clip	Clip selected	Clip sélectionné	Clip seleccionado	Επιλεγμένο κλιπ	Clip selezionato	مقطع محدد	Clip ausgewählt	選択されたクリップ	Klip kiválasztva	Clipe selecionado	Odabrani isječak	Izbran posnetek
deepfake_faces	Faces recognized	Visages reconnus	Caras reconocidas	Αναγνωρισμένα πρόσωπα	Volti riconosciuti	الوجوه المعرفة	Gesichter erkannt	検出された顔	Arcok felismerve	Rostos reconhecidos	Prepoznata lica	Prepoznani obrazi
deepfake_video	Video analysed	Vidéo analysée	Vídeo analizado	Αναλυμένο βίντεο	Video analizzato	تم تحليل الفيديو	Video analysiert	解析された動画	Videó elemezve	Vídeo analisado	Analizirani videozapis	Analiziran video
deepfake_results	Results of the clip selected	Résultats du clip sélectionné	Resultados del clip seleccionado	Αποτελέσματα του επιλεγμένου κλιπ	Risultati della clip selezionata	نتائج المقطع المحدد	Ergebnisse des ausgewählten Clips	選択した映像の結果	A kiválasztott klip eredményei	Resultados do clipe selecionado	Rezultati odabranog isječka	Rezultati izbranega posnetka
deepfake_error_400	Error: Invalid image link. Ensure it points to a publicly accessible	Erreur: Lien d'image invalide. Assurez-vous qu'il pointe vers une image accessible publiquement	Error: Enlace de imagen no válido. Asegúrate de que apunte a una imagen accesible públicamente	Σφάλμα: Μη έγκυρος σύνδεσμος εικόνας. Βεβαιωθείτε ότι οδηγεί σε μια δημόσια προσβάσιμη	Errore: collegamento immagine non valido. Assicurati che rimandi a un'immagine accessibile pubblicamente	خطأ: رابط الصورة غير صالح. تأكد من أنه يشير إلى الوصول إلى الجمهور	Fehler: Ungültiger Bildverbindung. Stellen Sie sicher, dass es auf ein öffentlich zugängliches Bild	エラー: 無効な画像リンクです。パブリックでアクセス可能なファイルか確認してください	Hiba: Érvénytelen kép link. Ellenőrizze, hogy nyilvánosan elérhető helyre mutat-e	Erro: Link de imagem inválido. Certifique-se de que ele aponte para uma imagem acessível publicamente	Pogreška: Nevažeća veza slike. Provjerite da upućuje na javno dostupnu.	Napaka: Neveljavna povezava do slike. Prepričajte se, da kaže na javno dostopno
deepfake_error_500	Service internal error	Erreur interne du service	Error interno del servicio	Εσωτερικό σφάλμα σέρβις	Errore interno del servizio	خطأ داخلي في الخدمة	Interner Servicefehler	サービス内部エラー	Szolgáltatás belső hiba	Erro interno do serviço	Interna pogreška usluge	Notranja napaka storitve
deepfake_error_413	The file is too large	Le fichier est trop volumineux	El archivo es demasiado grande	Το αρχείο είναι πολύ μεγάλο	Il file è troppo grande	الملف كبير جدًا	Die Datei ist zu groß	ファイルが大きすぎます	A fájl túl nagy	O arquivo é muito grande	Datoteka je prevelika	Datoteka je prevelika
deepfake_error_422	The file is too large	Le fichier est trop volumineux	El archivo es demasiado grande	Το αρχείο είναι πολύ μεγάλο	Il file è troppo grande	الملف كبير جدًا	Die Datei ist zu groß	ファイルが大きすぎます	A fájl túl nagy	O arquivo é muito grande	Datoteka je prevelika	Datoteka je prevelika
deepfake_error_undefined	An error happened. Please try again or try a different video	Une erreur s'est produite. Veuillez réessayer ou essayer une autre vidéo	Se produjo un error. Por favor, inténtelo de nuevo o pruebe con otro video	Παρουσιάστηκε σφάλμα. Παρακαλώ δοκιμάστε ξανά ή δοκιμάστε ένα διαφορετικό βίντεο	Si è verificato un errore. Riprova o prova un altro video	حدث خطأ. يرجى المحاولة مرة أخرى أو تجربة مقطع فيديو مختلف	Ein Fehler ist aufgetreten. Bitte versuchen Sie es erneut oder probieren Sie ein anderes Video	エラーが発生しました。もう一度試すか、別の動画を試してください	Hiba történt. Kérjük, próbálja újra, vagy próbáljon meg egy másik videót.	Por favor, tente novamente ou experimente outro vídeo.	Došlo je do pogreške. Pokušajte ponovno ili pokušajte s drugim videozapisom.	Prišlo je do napake. Poskusite znova ali poskusite z drugim videoposnetkom.
deepfake_image_link	Image link	Lien image	Link de la imagen	Σύνδεσμος εικόνας	Collegamento dell'immagine	رابط الصورة	Bildlink	画像リンク	Kép link	Link da imagem	Veza slike	Povezava do slike
deepfake_video_link	Video link	Lien vidéo	Link del video	Σύνδεσμος βίντεο	Video analizzato	رابط الفيديو	Video-Link	動画リンク	Videó link	Link do vídeo	Veza videozapisa	Povezava do videa
deepfake_title_what	What are Thumbnails	Que sont les vignettes	¿Qué son las miniaturas?	Τι είναι οι μικρογραφίες	Cosa sono le miniature	ما هي الصورة المصغرة (الغلاف)	Was sind Thumbnails	サムネイルとは	Mik azok a miniatűrök	O que são miniaturas?	Što su sličice	Kaj so sličice
deepfake_filters_explanation_image	Explanation image	Explication de l'image	Explicación de la imagen	Επεξήγηση εικόνα	Spiegazione dell'immagine	شرح الصورة	Erläuterung Bild	説明画像	Magyarázó kép	Explicação da imagem	Objašnjenje slike	Pojasnilna slika
deepfake_filters_explanation_video	Explanation video	Explication de la vidéo	Explicación del video	Επεξήγηση βίντεο	Spiegazione del video	شرح الفيديو	Erläuterung Video	解説動画	Magyarázó videó	Explicação do vídeo	Objašnjenje videozapisa	Pojasnilni video
deepfake_image_title	Detection results	Résultats de la détection	Resultados de la detección	Αποτελέσματα ανίχνευσης	Risultati del rilevamento	نتائج الكشف	Erkennungsergebnisse	検出結果	Észlelési eredmények	Resultados da detecção	Rezultati detekcije	Rezultati zaznavanja
deepfake_image_faceswap_name	Faceswap	Changement de visage	Cambio de rostro	Αντικατάσταση προσώπων	Cambia faccia	تبديل الوجه	Faceswap	フェイススワップ	Arccsere (face swap)	Troca de rosto	Faceswap	Zamenjava obraza
deepfake_image_faceswap_description	This method aims to detect if the person's face has been replaced in the picture.	Cette méthode vise à détecter si le visage de la personne a été remplacé dans l'image.	Este metodo trata de detectar si el rostro de la persona fue cambiado en la imagen.	Αυτή η μέθοδος στοχεύει να ανιχνεύσει εάν το πρόσωπο του ατόμου έχει αντικατασταθεί στην εικόνα.	Questo metodo ha lo scopo di rilevare se il volto della persona è stato sostituito nella foto.	تهدف هذه الطريقة إلى اكتشاف ما إذا كان وجه الشخص قد تم استبداله في الصورة.	Diese Methode zielt darauf ab zu erkennen, ob das Gesicht der Person auf dem Bild ersetzt wurde.	この方法は、写真内の人物の顔が置き換えられているかどうかを検出することを目的としています	Ez a módszer azt célozza meg, hogy észlelje, lecserélték-e az ember arcát a képen.	Este método tenta detectar se o rosto da pessoa foi trocado na imagem.	Ova metoda ima za cilj otkriti je li lice osobe zamijenjeno na slici.	Ta metoda je namenjena zaznavanju, ali je bil obraz osebe na sliki zamenjan.
deepfake_image_gan_name	GAN	RAG	RAG	GAN	GAN	GAN	Gan	GAN	GAN	RAG	GAN	GAN
deepfake_image_gan_description	This method aims to detect if the image has been generated by a Generative Adversarial Network (GAN).	Cette méthode vise à détecter si l'image a été générée par un réseau antagoniste génératif (RAG).	Este metodo trata de detectar si la imagen ha sido generada por una red generativa adversativa (RAG).	Αυτή η μέθοδος στοχεύει να ανιχνεύσει εάν η εικόνα έχει δημιουργηθεί από ένα Generative Adversarial Network (GAN).	Questo metodo mira a rilevare se l'immagine è stata generata da una Generative Adversarial Network (GAN).	تهدف هذه الطريقة إلى اكتشاف ما إذا كانت الصورة قد تم إنشاؤها بواسطة شبكة الخصومة التوليدية (GAN).	Diese Methode zielt darauf ab zu erkennen, ob das Bild von einem generativen kontroversem Netzwerk (GAN) generiert wurde.	この方法は、画像が敵対的生成ネットワーク (GAN) によって生成されたかどうかを検出することを目的としています	Ez a módszer azt célozza meg, hogy észlelje, hogy egy ún. Generative Adversarial Network (GAN) generálta-e a képet.	Este método tenta detectar se a imagem foi gerada por uma rede generativa adversária (RAG).	Ova metoda ima za cilj otkriti je li slika generirana Generativnom protivničkom mrežom (GAN).	Ta metoda je namenjena zaznavanju, ali je bila slika ustvarjena z generativno nasprotniško mrežo (GAN).
deepfake_image_diffusion_name	Latent Diffusion model	Modèle latent de diffusion	Modelo latento de difusión	Μοντέλο λανθάνουσας διάχυσης	Modello di diffusione latente	نموذج الانتشار الكامن	Modell der latenten Diffusion	潜在拡散モデル	Láthatatlan diffúziós modell	Modelo latente de difusão	Model latentne difuzije	Model latentne difuzije
deepfake_image_diffusion_description	This method aims to detect if the image has been generated through a latent diffusion model neural network.	Cette méthode vise à détecter si l'image a été générée par un modèle neuronal latent de diffusion.	Este metodo trata de detectar si la image ha sigo generada por un modelo neuronal latente de difusión.	Αυτή η μέθοδος στοχεύει να ανιχνεύσει εάν η εικόνα έχει δημιουργηθεί μέσω ενός νευρωνικού δικτύου μοντέλου διάχυσης.	Questo metodo mira a rilevare se l'immagine è stata generata attraverso una rete neurale latente con modello di diffusione.	تهدف هذه الطريقة إلى اكتشاف ما إذا كانت الصورة قد تم إنشاؤها من خلال شبكة عصبية لنموذج الانتشار.	Diese Methode zielt darauf ab, festzustellen, ob das Bild durch ein neuronales Latentes Diffusionsmodell -Netzwerk erzeugt wurde.	この方法は、画像が潜在拡散モデル ニューラル ネットワークを通じて生成されたかどうかを検出することを目的としています	Ez a módszer azt célozza meg, hogy észlelje, láthatatlan diffúziós modell neurális hálózaton keresztül generálták-e a képet.	Este método tenta detectar se a imagem foi generada por um modelo neural latente de difusão.	Ova metoda ima za cilj otkriti je li slika generirana kroz neuronsku mrežu modela latentne difuzije.	Ta metoda je namenjena zaznavanju, ali je bila slika ustvarjena z nevronsko mrežo modela latentne difuzije.
deepfake_image_detection_alert	This image has been detected as generated with a	Cette image a été détectée comme générée avec un	Esta imagen ha sido detectada como generada con un	Αυτή η εικόνα έχει εντοπιστεί ότι δημιουργήθηκε με α	Questa immagine è stata rilevata come generata con a	تم اكتشاف هذه الصورة على أنها إنشاؤها باستخدام ملف تم	Dieses Bild wurde als erzeugt mit a erkannt	この画像は、次の手法で生成されたものとして検出されました	Ezt a képet a következő algoritmussal generálták:	Esta imagem foi detectada como gerada com um	Ova slika je detektirana kao generirana s	Ta slika je bila zaznana kot ustvarjena z
deepfake_image_detection_alert_2	algorithm	algorithmique	algoritmo	algorithm	algoritmo	خوارزمية	Algorithmus	アルゴリズム	algoritmus	algoritmo	algoritmom	algoritmom
deepfake_video_title	Detection results	Résultats de la détection	Resultados de la detección	Αποτελέσματα ανίχνευσης	Risultati del rilevamento	نتائج الكشف	Erkennungsergebnisse	検出結果	Észlelési eredmények	Resultados da detecção	Rezultati detekcije	Rezultati zaznavanja
deepfake_video_videoreport_name	Mever Deepfake Video detector	Détecteur Mever de video deepfake	Detector Mever de video deepfake	Mever Deepfake Ανιχνευτής βίντεο	Mai rilevatore video Deepfake	Mever Deepfake كاشف الفيديو	Mever Deepfake Video Detektor	Mever 　ディープフェイクビデオ検出機能	Mever Deepfake Videó detektor	Detector Mever de vídeo deepfake	Mever Deepfake Video detektor	Mever Deepfake Video detektor
deepfake_video_videoreport_description	This method aims to detect if the person's face has been replaced in the video.	Cette méthode vise à detecter si le visage d'une personne a été remplacé dans la vidéo.	Este metodo trata de detectar si el rostro de una persona ha sido cambiado en el video.	Αυτή η μέθοδος στοχεύει να ανιχνεύσει εάν το πρόσωπο του ατόμου έχει αντικατασταθεί στο βίντεο.	Questo metodo mira a rilevare se il volto della persona è stato sostituito nel video.	تهدف هذه الطريقة إلى اكتشاف ما إذا كان قد تم استبدال وجه الشخص في الفيديو.	Diese Methode zielt darauf ab zu erkennen, ob das Gesicht der Person im Video ersetzt wurde.	この方法は、動画内の人の顔が置き換えられているかどうかを検出することを目的としています	Ez a módszer azt célozza meg, hogy észlelje, lecserélték-e az ember arcát a videóban.	Este método tenta detectar se o rosto de uma pessoa foi trocado no vídeo.	Ova metoda ima za cilj otkriti je li lice osobe zamijenjeno u videozapisu.	Ta metoda je namenjena zaznavanju, ali je bil obraz osebe v videu zamenjan.
deepfake_video_ftcn_name	Fully Temporal Convolution Network	Réseau de convolution entièrement temporel	Red de convolución totalmente temporal	Πλήρως προσωρινό δίκτυο συνέλιξης	Rete di convoluzione completamente temporale	شبكة الالتواء الزمنية بالكامل	Volles zeitliches Faltungsnetzwerk	Fully Temporal Convolution Network	Teljesen időbeli konvolúciós hálózat	Rede de convolução totalmente temporal	Potpuno vremenska konvolucijska mreža	Popolnoma časovna konvolucijska mreža
deepfake_video_ftcn_description	This method aims to detect temporal anomalies for videos with faces.	Cette méthode vise à detecter des anomalies temporelles dans les visages sur les vidéos.	Este metodo trata de detectar anomalias temporales en los rostros presentes en los videos.	Αυτή η μέθοδος στοχεύει στον εντοπισμό χρονικών ανωμαλιών για βίντεο με πρόσωπα.	Questo metodo mira a rilevare anomalie temporali per i video con volti.	تهدف هذه الطريقة إلى اكتشاف الانحرافات الزمنية لمقاطع الفيديو ذات الوجوه.	Diese Methode zielt darauf ab, zeitliche Anomalien für Videos mit Gesichtern zu erkennen.	この方法は、顔を含む動画の時間的な異常を検出することを目的としています	Ez a módszer az arcokat tartalmazó videók időbeli anomáliáinak észlelésére szolgál.	Este método tenta detectar anomalias temporais nos rostos presentes nos vídeos.	Ova metoda ima za cilj otkriti vremenske anomalije za videozapise s licima.	Ta metoda je namenjena odkrivanju časovnih anomalij za videoposnetke z obrazi.
deepfake_video_facereenact_name	Face Reenactment	Reconfiguration faciale	Modificación de expresiones faciales	Αναπαράσταση προσώπου	Rievocazione del volto	إعادة تمثيل الوجه	Gesicht nach Umstellung	顔の再現映像	Arc újraalkotás	Modificação de expressões faciais	Ponovno uprizorenje lica	Ponovna uprizoritev obraza
deepfake_video_facereenact_description	This method aims to detect if the faces in the video have been synthesized with a transfer from a source face shape to a target face while preserving the appearance and the identity of the target face.	Cette méthode vise à détecter si les visages de la vidéo ont été synthétisés par transfert d'une expression faciale source vers un visage cible tout en conservant l'apparence et l'identité de ce dernier.	Este metodo trata de detectar si los rostros presentes en el video han sido sintetizados por traspaso de una expresión facial fuente hacia un rostro objetivo, conservando la apariencia y la identidad de este ultimo.	Αυτή η μέθοδος στοχεύει να ανιχνεύσει εάν τα πρόσωπα στο βίντεο έχουν συντεθεί με μεταφορά από ένα σχήμα προσώπου πηγής σε ένα πρόσωπο στόχο, διατηρώντας παράλληλα την εμφάνιση και την ταυτότητα του προσώπου στόχου.	Questo metodo mira a rilevare se i volti nel video sono stati sintetizzati con un trasferimento da una forma del viso di origine a un volto di destinazione preservando l'aspetto e l'identità del volto di destinazione.	تهدف هذه الطريقة إلى اكتشاف ما إذا كانت الوجوه الموجودة في الفيديو قد تم تركيبها من خلال النقل من شكل الوجه المصدر إلى الوجه المستهدف مع الحفاظ على مظهر وهوية الوجه المستهدف.	Diese Methode zielt darauf ab, festzustellen, ob die Gesichter im Video mit einer Übertragung von einer Quellengesichtsform zu einem Zielgesicht synthetisiert wurden und gleichzeitig das Aussehen und die Identität des Zielgesichts erhalten.	この方法は、ターゲットの顔の外観とアイデンティティを保持したまま、動画内の顔がソースとなる顔の形状からターゲットの顔に変換されて合成されたかどうかを検出することを目的としています	Ez a módszer azt célozza meg, hogy észlelje, szintézis történt-e az arcokban a videóban egy forrás arcformából egy cél arcformába történő átvitellel, miközben megőrzi a cél arc megjelenését és identitását.	Este método tenta detectar se os rostos presentes no vídeo foram sintetizados por transferência de uma expressão facial fonte para um rosto alvo, conservando a aparência e a identidade deste último.	Ova metoda ima za cilj otkriti jesu li lica u videozapisu sintetizirana prijenosom s izvornog oblika lica na ciljno lice, uz očuvanje izgleda i identiteta ciljnog lica.	Ta metoda je namenjena odkrivanju, ali so bili obrazi v videoposnetku sintetizirani s prenosom iz izvorne oblike obraza na ciljni obraz, pri čemer se ohrani videz in identiteta ciljnega obraza.
deepfake_video_detection_alert	This video has been detected as generated with a	Cette vidéo a été détectée comme étant générée avec un	Este video ha sido detectado como siendo generado con un	Αυτό το βίντεο εντοπίστηκε ότι δημιουργήθηκε με α	Questo video è stato rilevato come generato con a	تم اكتشاف أن هذا الفيديو تم إنشاؤه باستخدام ملف	Dieses Video wurde als erzeugt mit a erkannt	この動画は、次の手法で生成されたものとして検出されました	Ezt a videót a következő algoritmussal generálták:	Este vídeo foi detectado como sendo gerado com um	Ovaj videozapis je detektiran kao generiran s	Ta videoposnetek je bil zaznan kot ustvarjen z
deepfake_video_detection_alert_2	algorithm	algorithme	algoritmo	algorithm	algoritmo	خوارزمية	Algorithmus	アルゴリズム	algoritmus	algoritmo	algoritmom	algoritmom
button_remove	Remove	Supprimer	Eliminar	Αφαιρώ	Rimuovere	إزالة	Entfernen	削除	Eltávolítás	Remover	Ukloni	Odstrani
deepfake_no_face_detection	No face detected	Aucun visage détecté	No se detecta rostro	Δεν εντοπίστηκε πρόσωπο	Nessun volto rilevato	لا يوجد وجه مكتشف	Kein Gesicht entdeckt	顔が検出されませんでした	Nem észlelt arc	Nenhum rosto detectado	Nije detektirano lice	Obraz ni zaznan
button_localfile	Local file	Fichier local	Fichero local	Τοπικό αρχείο	Archivio locale	ملف محلي	Lokale Datei	ローカルファイル	Helyi fájl	Arquivo local	Lokalna datoteka	Lokalna datoteka
submit_button	Submit	Envoyer	Enviar	Υποβολή	Invia	إرسال	Einreichen	送信	Küldés	Enviar	Pošalji	Pošlji
gauge_detection	Detection	Détection	Detección	Ανίχνευση	Rilevamento	الكشف	Erkennung	検出	Észlelés	Detecção	Detekcija	Zaznavanje
gauge_no_detection	No detection	Aucune détection	Sin detección	Χωρίς ανίχνευση	Nessun rilevamento	لا يوجد كشف	Keine Erkennung	検出されない	Nincs észlelés	Sem detecção	Nema detekcije	Brez zaznavanja
gauge_additional_results	Detection details	Détails de la détection	Detalles de detección	Λεπτομέρειες ανίχνευσης	Dettagli di rilevamento	تفاصيل الكشف	Erkennungsdetails	検出内容	Észlelési részletek	Detalhes da detecção	Detalji detekcije	Podrobnosti o zaznavanju
gauge_additional_results_hide	Hide detection details	Masquer les détails de la détection	Ocultar detalles de detección	Απόκρυψη λεπτομερειών ανίχνευσης	Nascondi dettagli rilevamento	إخفاء تفاصيل الكشف	Detektiondetails ausblenden	検出の詳細を非表示にする	Észlelési részletek elrejtése	Ocultar detalhes da detecção	Sakrij detalje detekcije	Skrij podrobnosti o zaznavanju
deepfake_image_rating	Explanation: The Faceswap algorithm of the verification plugin finds	Explication : L'algorithme de Faceswap du plugin de vérification a trouvé	Explicación: El algoritmo Faceswap del plugin de verificación encuentra	Εξήγηση: Ο αλγόριθμος Faceswap του πρόσθετου InVID-WeVerify εντοπίζει	Spiegazione: L'algoritmo Faceswap del plugin di verifica trova	الشرح: خوارزمية Faceswap في إضافة InVID-WeVerify تجد :	Erklärung: Der Faceswap-Algorithmus des InVID-WeVerify-Plugins findet	説明: 検証プラグインの Faceswap アルゴリズムは次の内容を検出します	Magyarázat: A verifikációs bővítmény Faceswap algoritmusa	Explicação: O algoritmo Faceswap do plugin de verificação encontra	Objašnjenje: Faceswap algoritam dodatka za provjeru pronalazi	Pojasnilo: Algoritem za zamenjavo obrazov vtičnika za preverjanje najde
deepfake_image_rating_4	very strong evidence suggesting that this image has been manipulated through face swapping.	très fortes preuves suggérant que cette image a été manipulée par échange de visages.	evidencia muy fuerte sugiriendo que esta imagen ha sido manipulada mediante intercambio de caras.	πολύ ισχυρές ενδείξεις που υποδηλώνουν ότι αυτή η εικόνα έχει υποστεί επεξεργασία μέσω ανταλλαγής προσώπων.	prove molto forti che suggeriscono che questa immagine è stata manipolata tramite scambio di volti.	أدلة قوية جداً تشير إلى أن هذه الصورة تم التلاعب بها من خلال تبديل الوجوه	sehr starke Hinweise darauf, dass dieses Bild durch Gesichtstausch manipuliert wurde.	この画像が顔交換によって改変されたことを示唆するとても強力な証拠	nagyon erős bizonyítékot talál arra, hogy ezt a képet arc cserével manipulálták.	evidência muito forte sugerindo que esta imagem foi manipulada mediante troca de rostos.	vrlo jake dokaze koji upućuju na to da je ova slika manipulirana zamjenom lica.	zelo močne dokaze, ki kažejo, da je bila ta slika spremenjena z zamenjavo obrazov.
deepfake_image_rating_3	strong evidence suggesting that this image has been manipulated through face swapping.	fortes preuves suggérant que cette image a été manipulée par échange de visages.	evidencia fuerte sugiriendo que esta imagen ha sido manipulada mediante intercambio de caras.	ισχυρές ενδείξεις που υποδηλώνουν ότι αυτή η εικόνα έχει υποστεί επεξεργασία μέσω ανταλλαγής προσώπων.	prove solide che suggeriscono che questa immagine è stata manipolata tramite scambio di volti.	أدلة قوية تشير إلى أن هذه الصورة تم التلاعب بها من خلال تبديل الوجوه	starke Hinweise darauf, dass dieses Bild durch Gesichtstausch manipuliert wurde.	この画像が顔交換によって改変されたことを示唆する強力な証拠	erős bizonyítékot talál arra, hogy ezt a képet arc cserével manipulálták.	evidência forte sugerindo que esta imagem foi manipulada mediante troca de rostos.	jake dokaze koji upućuju na to da je ova slika manipulirana zamjenom lica.	močne dokaze, ki kažejo, da je bila ta slika spremenjena z zamenjavo obrazov.
deepfake_image_rating_2	moderate evidence (suspicious but non conclusive) suggesting that this image could be manipulated through face swapping. The absence of detection does not guarantee the image is not post-edited.	preuves modérées (suspectes mais non concluantes) suggérant que cette image pourrait avoir été manipulée par échange de visages. L'absence de détection ne garantit pas que l'image n'a pas été retouchée.	evidencia moderada (sospechosa pero no concluyente) que sugiere que esta imagen podría haber sido manipulada mediante intercambio de caras. La ausencia de detección no garantiza que la imagen no haya sido editada.	μέτριες ενδείξεις (ύποπτες αλλά μη καταληκτικές) που υποδηλώνουν ότι αυτή η εικόνα θα μπορούσε να έχει υποστεί επεξεργασία μέσω ανταλλαγής προσώπων. Η απουσία ανίχνευσης δεν εγγυάται ότι η εικόνα δεν έχει υποστεί επεξεργασία.	evidenze moderate (sospette ma non conclusive) che suggeriscono che questa immagine potrebbe essere stata manipolata tramite scambio di volti. L'assenza di rilevamento non garantisce che l'immagine non sia stata post-editata.	أدلة متوسطة (مشبوهة ولكن غير حاسمة) تشير إلى أن هذه الصورة قد تكون قد تم التلاعب بها من خلال تبديل الوجوه. عدم وجود اكتشاف لا يضمن عدم تحرير الصورة.	moderate Hinweise (verdächtig, aber nicht schlüssig) darauf, dass dieses Bild durch Gesichtstausch manipuliert worden sein könnte. Das Fehlen einer Erkennung garantiert nicht, dass das Bild nicht nachbearbeitet wurde.	この画像が顔交換を通じて改変された可能性があることを示唆する中程度の証拠があります（疑わしいが決定的ではない）。検出されないことで、画像が編集されていないことを保証するものではありません	mérsékelt bizonyítékot (gyanús, de nem meggyőző) talál arra, hogy ezt a képet arc cserével manipulálhatták. Az észlelés hiánya nem garantálja, hogy a kép nincs utószerkesztve.	evidência moderada (suspeita, mas não conclusiva) que sugere que esta imagem pode ter sido manipulada mediante troca de rostos. A ausência de detecção não garante que a imagem não tenha sido editada.	umjerene dokaze (sumnjivo, ali ne i konačno) koji upućuju na to da bi ova slika mogla biti manipulirana zamjenom lica. Odsutnost detekcije ne jamči da slika nije naknadno uređena.	zmerne dokaze (sumljive, a ne dokončne), ki kažejo, da bi bila ta slika lahko spremenjena z zamenjavo obrazov. Odsotnost zaznave ne zagotavlja, da slika ni bila naknadno urejena.
deepfake_image_rating_1	weak evidence (non conclusive) suggesting that this image could be manipulated through face swapping. The absence of detection does not guarantee the image is not post-edited.	preuves faibles (non concluantes) suggérant que cette image pourrait être manipulée par échange de visages. L'absence de détection ne garantit pas que l'image n'a pas été retouchée.	evidencia débil (no concluyente) que sugiere que esta imagen podría haber sido manipulada mediante intercambio de caras. La ausencia de detección no garantiza que la imagen no haya sido editada posteriormente.	ασθενείς ενδείξεις (μη καταληκτικές) που υποδηλώνουν ότι αυτή η εικόνα θα μπορούσε να έχει υποστεί επεξεργασία μέσω ανταλλαγής προσώπων. Η απουσία ανίχνευσης δεν εγγυάται ότι η εικόνα δεν έχει υποστεί επεξεργασία.	evidenze deboli (non conclusive) che suggeriscono che questa immagine potrebbe essere stata manipulata tramite scambio di volti. L'assenza di rilevamento non garantisce che l'immagine non sia stata post-editata.	أدلة ضعيفة (غير حاسمة) تشير إلى أن هذه الصورة قد تكون قد تم التلاعب بها من خلال تبديل الوجوه. عدم وجود اكتشاف لا يضمن عدم تحرير الصورة.	schwache Hinweise (nicht schlüssig) darauf, dass dieses Bild durch Gesichtstausch manipuliert worden sein könnte. Das Fehlen einer Erkennung garantiert nicht, dass das Bild nicht nachbearbeitet wurde.	この画像が顔交換を通じて改変されたことを示唆する弱い証拠があります(決定的ではありません)。検出されないことで、画像が編集されていないことを保証するものではありません。	gyenge bizonyítékot (nem meggyőző) talál arra, hogy ezt a képet arc cserével manipulálhatták. Az észlelés hiánya nem garantálja, hogy a kép nincs utószerkesztve.	evidência fraca (não conclusiva) que sugere que esta imagem pode ter sido manipulada mediante troca de rostos. A ausência de detecção não garante que a imagem não tenha sido editada posteriormente.	slabe dokaze (nekonkluzivno) koji upućuju na to da bi ova slika mogla biti manipulirana zamjenom lica. Odsutnost detekcije ne jamči da slika nije naknadno uređena.	šibke dokaze (ne dokončne), ki kažejo, da bi bila ta slika lahko spremenjena z zamenjavo obrazov. Odsotnost zaznave ne zagotavlja, da slika ni bila naknadno urejena.
deepfake_video_rating	Explanation: The algorithms of the verification plugin find	Explication : Les algorithmes du plugin de vérification trouvent	Explicación: Los algorithmos del plugin de verificación encuentran	Εξήγηση: Οι αλγόριθμοι του πρόσθετου InVID-WeVerify εντοπίζουν	Spiegazione: Gli algoritmi del plugin di verifica trovano	الشرح: خوارزميات إضافة InVID-WeVerify تجد:	Erklärung: Die Algorithmen des InVID-WeVerify-Plugins finden	説明: 検証プラグインのアルゴリズムは次のようになります。	Magyarázat: A verifikációs bővítmény algoritmusai	Explicação: Os algoritmos do plugin de verificação encontram	Objašnjenje: Algoritmi dodatka za provjeru pronalaze	Pojasnilo: Algoritmi vtičnika za preverjanje najdejo
deepfake_video_rating_4	very strong evidence suggesting that this video contains AI manipulated faces.	très fortes preuves suggérant que cette vidéo contient des visages manipulés par l'IA.	evidencia muy fuerte que sugiere que este video contiene caras manipuladas por IA.	πολύ ισχυρές ενδείξεις που υποδηλώνουν ότι αυτό το βίντεο περιέχει πρόσωsa που έχουν υποστεί επεξεργασία με τεχνητή νοημοσύνη.	prove molto forti che suggeriscono che questo video contiene volti manipulati dall'IA.	أدلة قوية جداً تشير إلى أن هذا الفيديو يحتوي على وجوه تم التلاعب بها بواسطة الذكاء الاصطناعي.	sehr starke Hinweise darauf, dass dieses Video von KI manipulierte Gesichter enthält.	このビデオには AI で改変された顔が含まれていることを示唆する非常に強力な証拠があります	nagyon erős bizonyítékot találnak arra, hogy ez a videó mesterséges intelligenciával manipulált arcokat tartalmaz.	evidência muito forte que sugere que este vídeo contém rostos manipulados por IA.	vrlo jake dokaze koji upućuju na to da ovaj videozapis sadrži AI manipulirana lica.	zelo močne dokaze, ki kažejo, da ta videoposnetek vsebuje obraze, spremenjene z umetno inteligenco.
deepfake_video_rating_3	strong evidence suggesting that this video contains AI manipulated faces.	des preuves solides suggérant que cette vidéo contient des visages manipulés par l'IA.	evidencia fuerte que sugiere que este video contiene caras manipuladas por IA.	ισχυρές ενδείξεις που υποδηλώνουν ότι αυτό το βίντεο περιέχει πρόσωπα που έχουν υποστεί επεξεργασία με τεχνητή νοημοσύνη.	prove solide che suggeriscono che questo video contiene volti manipulati dall'IA.	أدلة قوية تشير إلى أن هذا الفيديو يحتوي على وجوه تم التلاعب بها بواسطة الذكاء الاصطناعي.	starke Hinweise darauf, أن dieses Video von KI manipulierte Gesichter enthält.	このビデオには AI で改変された顔が含まれていることを示唆する強力な証拠があります	erős bizonyítékot találnak arra, hogy ez a videó mesterséges intelligenciával manipulált arcokat tartalmaz.	evidência forte que sugere que este vídeo contém rostos manipulados por IA.	jake dokaze koji upućuju na to da ovaj videozapis sadrži AI manipulirana lica.	močne dokaze, ki kažejo, da ta videoposnetek vsebuje obraze, spremenjene z umetno inteligenco.
deepfake_video_rating_2	moderate evidence (suspicious but non conclusive) suggesting that this video could contain AI manipulated faces. The absence of detection does not guarantee the video is not post-edited.	preuves modérées (suspectes mais non concluantes) suggérant que cette vidéo pourrait contenir des visages manipulés par l'IA. L'absence de détection ne garantit pas que la vidéo n'a pas été retouchée.	evidencia moderada (sospechosa pero no concluyente) que sugiere que este video podría contener caras manipuladas por IA. La ausencia de detección no garantiza que el video no haya sido editado.	μέτριες ενδείξεις (ύποπτες αλλά μη καταληκτικές) που υποδηλώνουν ότι αυτό το βίντεο θα μπορούσε να περιέχει πρόσωπα που έχουν υποστεί επεξεργασία με τεχνητή νοημοσύνη. Η απουσία ανίχνευσης δεν εγγυάται ότι το βίντεο δεν έχει υποστεί επεξεργασία.	evidenze moderate (sospette ma non conclusive) che suggeriscono che questo video potrebbe contenere volti manipolati dall'IA. L'assenza di rilevamento non garantisce che il video non sia stato post-editato.	هناك أدلة معتدلة (مشبوهة ولكن غير حاسمة) تشير إلى أن هذا الفيديو قد يحتوي على وجوه تم التلاعب بها بواسطة الذكاء الاصطناعي. عدم وجود اكتشاف لا يضمن عدم تحرير الفيديو.	moderate (verdächtig, aber nicht schlüssig) hinweise darauf, dass dieses Video von KI manipulierte Gesichter enthalten könnte. Das Fehlen einer Erkennung garantiert nicht, dass das Video nicht nachbearbeitet wurde.	このビデオには AI で改変された顔が含まれている可能性があることを示唆する中程度の証拠があります (疑わしいが決定的ではない)。検出されないからといって、ビデオが編集されていないという保証にはなりません	mérsékelt bizonyítékot (gyanús, de nem meggyőző) találnak arra, hogy ez a videó mesterséges intelligenciával manipulált arcokat tartalmazhat. Az észlelés hiánya nem garantálja, hogy a videó nincs utószerkesztve.	evidência moderada (suspeita, mas não conclusiva) que sugere que este vídeo pode conter rostos manipulados por IA. A ausência de detecção não garante que o vídeo não tenha sido editado.	umjerene dokaze (sumnjivo, ali ne i konačno) koji upućuju na to da bi ovaj videozapis mogao sadržavati lica izmijenjena umjetnom inteligencijom. Odsutnost detekcije ne jamči da videozapis nije naknadno uređen.	zmerne dokaze (sumljive, a ne dokončne), ki kažejo, da bi ta videoposnetek lahko vseboval obraze, spremenjene z umetno inteligenco. Odsotnost zaznave ne zagotavlja, da videoposnetek ni bil naknadno urejen.
deepfake_video_rating_1	weak evidence (non conclusive) suggesting that this video could contain AI manipulated faces. The absence of detection does not guarantee the video is not post-edited.	preuves faibles (non concluantes) suggérant que cette vidéo pourrait contenir des visages manipulés par l'IA. L'absence de détection ne garantit pas que la vidéo n'a pas été retouchée.	evidencia débil (no concluyente) que sugiere este video podría contener caras manipuladas por IA. La ausencia de detección no garantiza que el video no haya sido editado.	ασθενείς ενδείξεις (μη καταληκτικές) που υποδηλώνουν ότι αυτό το βίντεο θα μπορούσε να περιέχει πρόσωπα που έχουν υποστεί επεξεργασία με τεχνητή νοημοσύνη. Η απουσία ανίχνευσης δεν εγγυάται ότι το βίντεο δεν έχει υποστεί επεξεργασία.	evidenze deboli (non conclusive) che suggeriscono che questo video potrebbe contenere volti manipulati dall'IA. L'assenza di rilevamento non garantisce che il video non sia stato post-editato.	أدلة ضعيفة (غير حاسمة) تشير إلى أن هذا الفيديو قد يحتوي على وجوه تم التلاعب بها بواسطة الذكاء الاصطناعي. عدم وجود اكتشاف لا يضمن عدم تحرير الفيديو.	schwache (nicht schlüssige) hinweise darauf, dass dieses dieses Video von KI manipulierte Gesichter enthalten könnte. Das Fehlen einer Erkennung garantiert nicht, أن das Video nicht nachbearbeitet wurde.	このビデオに AI で改変された顔が含まれている可能性を示唆する弱い証拠があります (決定的ではありません)。検出されないからといって、ビデオが編集されていないという保証にはなりません	gyenge bizonyítékot (nem meggyőző) találnak arra, hogy ez a videó mesterséges intelligenciával manipulált arcokat tartalmazhat. Az észlelés hiánya nem garantálja, hogy a videó nincs utószerkesztve.	evidência fraca (não conclusiva) que sugere que este vídeo pode conter rostos manipulados por IA. A ausência de detecção não garante que o vídeo não tenha sido editado.	slabe dokaze (nekonkluzivno) koji upućuju na to da bi ovaj videozapis mogao sadržavati AI manipulirana lica. Odsutnost detekcije ne jamči da videozapis nije naknadno uređivan.	šibke dokaze (ne dokončne), ki kažejo, da bi ta videoposnetek lahko vseboval obraze, spremenjene z umetno inteligenco. Odsotnost zaznave ne zagotavlja, da videoposnetek ni bil naknadno urejen.
deepfake_video_download_chart_button	Download chart as jpeg file	Télécharger le graphique en tant que fichier jpeg	Descargar gráfico como archivo jpeg	Λήψη γραφήματος ως αρχείο jpeg	Scarica il grafico come file jpeg	تحميل المخطط كملف jpeg	Diagramm als jpeg-Datei herunterladen	チャートをJPEGファイルとしてダウンロード	Diagram letöltése jpeg fájlként	Baixar gráfico como arquivo jpeg	Preuzmi grafikon kao jpeg datoteku	Prenesi grafikon kot datoteko jpeg
deepfake_button_copy_text_1	Copy text	Copier le texte	Copiar texto	Αντιγραφή κειμένου	Copia testo	نسخ النص	Text kopieren	テキストをコピーする	Szöveg másolása	Copiar texto	Kopiraj tekst	Kopiraj besedilo
deepfake_button_copy_text_2	Text copied!	Texte copié !	¡Texto copiado!	Κείμενο αντιγράφηκε!	Testo copiato!	تم نسخ النص!	Text kopiert!	テキストがコピーされました!	Szöveg másolva!	Texto copiado!	Tekst kopiran!	Besedilo kopirano!
gauge_alert_label_4	Very strong evidence	Fortes preuves	Pruebas muy sólidas	Πολύ ισχυρά ενδείξεις	Forti evidenze	أدلة قوية جدًا	Sehr starke Beweise	とても強力な証拠	Nagyon erős bizonyíték	Provas muito sólidas	Vrlo jaki dokazi	Zelo močni dokazi
gauge_alert_label_3	Strong evidence	Preuves solides	Evidencia sólida	Ισχυρές ενδείξεις	Evidenza forte	أدلة قوية	Starke Beweise	強力な証拠	Erős bizonyíték	Evidência sólida	Jaki dokazi	Močni dokazi
gauge_alert_label_2	Moderate evidence (suspicious but non conclusive)	Preuves modérées (suspectes mais non concluantes)	Evidencia moderada (sospechosa pero no concluyente)	Μέτριες ενδείξεις (ύποπτες αλλά μη συμπερασματικές)	Evidenza moderata (sospetta ma non conclusiva)	أدلة معتدلة (مشبوهة ولكن غير نهائية)	Moderate Beweise (verdächtig, aber nicht abschließend)	中程度の証拠（疑わしいが決定的ではない）	Mérsékelt bizonyíték (gyanús, de nem meggyőző)	Evidência moderada (suspeita, mas não conclusiva)	Umjereni dokazi (sumnjivo, ali ne i konačno)	Zmerni dokazi (sumljivi, a ne dokončni)
gauge_alert_label_1	Weak evidence (non conclusive)	Preuves faibles (non concluantes)	Evidencia débil (no concluyente)	Αδύναμες ενδείξεις (μη συμπερασματικές)	Evidenza debole (non conclusiva)	أدلة ضعيفة (غير نهائية)	Schwache Beweise (nicht abschließend)	弱い証拠（決定的ではない）	Gyenge bizonyíték (nem meggyőző)	Evidência fraca (não conclusiva)	Slabi dokazi (nekonkluzivno)	Šibki dokazi (ne dokončni)
gauge_probability_text	Probability:	Probabilité :	Probabilidad:	Πιθανότητα:	Probabilità:	احتمالية:	Wahrscheinlichkeit:	確率:	Valószínűség:	Probabilidade:	Vjerojatnost:	Verjetnost:
gauge_generic_detection_text	This model finds the following probability of being AI-generated:	Ce modèle trouve la probabilité suivante d'être généré par l'IA :	Este modelo encuentra la siguiente probabilidad de ser generado por IA:	Αυτό το μοντέλο βρίσκει την ακόλουθη πιθανότητα να δημιουργηθεί από AI:	Questo modello trova la seguente probabilità di essere generato dall'intelligenza artificiale:	يجد هذا النموذج الاحتمال التالي ليتم إنشاؤه بواسطة الذكاء الاصطناعي:	Dieses Modell findet die folgende Wahrscheinlichkeit, KI-generiert zu sein:	このモデルは、AI によって生成される次の確率を検出します。	Ez a modell a következő valószínűséggel találja meg, hogy mesterséges intelligencia által generált:	Este modelo encontra a seguinte probabilidade de ser gerado por IA:	Ovaj model pronalazi sljedeću vjerojatnost da će ga generirati umjetna inteligencija:	Ta model najde naslednjo verjetnost, da je ustvarjen z umetno inteligenco:
gauge_scale_explanation_link	What do the gauge colors mean?	Que signifient les couleurs de la jauge ?	¿Qué significan los colores del indicador?	Τι σημαίνουν τα χρώματα του μετρητή;	Cosa significano i colori del indicatore?	ماذا تعني ألوان العداد؟	Was bedeuten die Farben der Anzeige?	ゲージの色は何を意味しますか?	Mit jelentenek a mérő színek?	O que significam as cores do indicador?	Što znače boje mjerača?	Kaj pomenijo barve merilnika?
gauge_scale_modal_explanation_title	What do the gauge colors mean?	Que signifient les couleurs de la jauge ?	¿Qué significan los colores del indicador?	Τι σημαίνουν τα colores del indicador?	Cosa significano i colori del indicatore?	ماذا تعني ألوان العداد؟	Was bedeuten die Farben der Anzeige?	ゲージの色は何を意味しますか?	Mit jelentenek a mérő színek?	O que significam as cores do indicador?	Što znače boje mjerača?	Kaj pomenijo barve merilnika?
gauge_scale_modal_explanation_rating_1	<50% - Weak evidence (non-conclusive)	<50 % - Preuves faibles (non concluantes)	<50 % - Evidencia débil (no concluyente)	<50 % - Αδύναμες ενδείξεις (μη συμπερασματικές)	<50 % - Evidenza debole (non conclusiva)	<50 % - أدلة ضعيفة (غير نهائية)	<50 % - Schwache Beweise (nicht abschließend)	<50% - 弱い証拠 (決定的ではない)	<50% - Gyenge bizonyíték (nem meggyőző)	<50% - Evidência fraca (não conclusiva)	<50% - Slabi dokazi (nekonkluzivno)	<50% - Šibki dokazi (ne dokončni)
gauge_scale_modal_explanation_rating_2	≥50% - Moderate evidence (suspicious but non-conclusive)	≥50 % - Preuves modérées (suspectes mais non concluantes)	≥50 % - Evidencia moderada (sospechosa pero no concluyente)	≥50 % - Μέτριες ενδείξεις (ύποπτες αλλά μη συμπερασματικές)	≥50 % - Evidenza moderata (sospetta ma non conclusiva)	≥50 % - أدلة معتدلة (مشبوهة ولكن غير نهائية)	≥50 % - Moderate Beweise (verdächtig, aber nicht abschließend)	≥50% - 中程度の証拠 (疑わしいが決定的ではない)	≥50% - Mérsékelt bizonyíték (gyanús, de nem meggyőző)	≥50% - Evidência moderada (suspeita, mas não conclusiva)	≥50% - Umjereni dokazi (sumnjivo, ali ne i konačno)	≥50% - Zmerni dokazi (sumljivi, a ne dokončni)
gauge_scale_modal_explanation_rating_3	≥70% - Strong evidence	≥70 % - Preuves solides	≥70 % - Evidencia sólida	≥70 % - Ισχυρές ενδείξεις	≥70 % - Forti evidenze	≥70 % - أدلة قوية	≥70 % - Starke Beweise	≥70% - 強力な証拠	≥70% - Erős bizonyíték	≥70% - Evidência sólida	≥70% - Jaki dokazi	≥70% - Močni dokazi
gauge_scale_modal_explanation_rating_4	≥90% - Very strong evidence	≥90 % - Preuves très solides	≥90 % - Evidencia muy sólida	≥90 % - Πολύ ισχυρές ενδείξεις	≥90 % - Evidenze molto forti	≥90 % - أدلة قوية جداً	≥90 % - Sehr starke Beweise	≥90% - とても強力な証拠	≥90% - Nagyon erős bizonyíték	≥90% - Evidência muito sólida	≥90% - Vrlo jaki dokazi	≥90% - Zelo močni dokazi
gauge_download_gauge_button	Download Gauge Chart as jpeg file	Télécharger le graphique de jauge en tant que fichier jpeg	Descargar gráfico de indicadores como archivo jpeg	Λήψη γραφήματος μέτρησης ως αρχείο jpeg	Scarica il grafico della misura come file jpeg	تحميل مخطط القياس كملف jpeg	Downloaden Sie das Messgerätendiagramm als jpeg-Datei	ゲージチャートをjpegファイルとしてダウンロード	Mérődiagram letöltése jpeg fájlként	Baixar gráfico de indicadores como arquivo jpeg	Preuzmi grafikon mjerača kao jpeg datoteku	Prenesi grafikon merilnika kot datoteko jpeg
deepfake_video_detection_chart_download_button_label	Download chart as jpeg file	Télécharger le graphique en tant que fichier jpeg	Descargar gráfico como archivo jpeg	Λήψη γραφήματος ως αρχείο jpeg	Scarica il grafico come file jpeg	تحميل المخطط كملف jpeg	Diagramm als jpeg-Datei herunterladen	チャートをJPEGファイルとしてダウンロード	A diagram letöltése JPEG fájlként.	Baixar gráfico como arquivo JPEG.	Preuzmi grafikon kao jpeg datoteku	Prenesi grafikon kot datoteko jpeg