	en	fr	es	el	it	ar	de	ja	hu	pt-BR
keyframes_title	Video fragmentation and reverse image search	Fragmentation vidéo et recherche inversée d'image	Fragmentación del video y búsqueda inversa de imagen	Αντίστροφη αναζήτηση βίντεο μέσω χαρακτηριστικών καρε	Video frammentazione e ricerca inversa dell'immagine	تقطيع الفيديو والبحث عن الصور العكسي	Videofragmentierung und umgekehrte Bildsuche	静止画にして画像検索	Videó fragmentálás és fordított képkeresés	Fragmentação de vídeo e pesquisa reversa de imagem
button_localfile	Local file	Fichier local	Fichero local	Τοπικό αρχεί	File locale	ملف محلي	Lokale Datei	ローカルファイル	Helyi fájl	Arquivo local
keyframes_input	Video URL	URL vidéo	URL de video	URL βίντεο	URL del video	رابط الفيديو	Video-URL	ビデオURL	Videó URL	URL do vídeo
keyframes_input_placeholder	Paste the link here	Coller le lien ici	Pegar el enlace aquí	Επικολλήστε τον σύνδεσμο εδώ	Incolla il link qui	الصق الرابط هنا	Fügen Sie den Link hier ein	ここにリンクを貼り付けてください	Illessze be ide a linket	Cole o link aqui
button_submit	Submit	Envoyer	Enviar	Υποβολή	Invia	إرسال	Einreichen	送信	Küldés	Enviar
forensic_card_back	Back	Retour	Volver	Πίσω	Ritorno	عودة	Zurück	戻る	Vissza	Voltar
error_timeout	The request is taking too long to respond. Please check your connection and try again.	La requête prend trop de temps à répondre. Veuillez vérifier votre connexion et réessayer.	La solicitud está tardando demasiado en responder. Por favor, verifique su conexión e inténtelo de nuevo.	Το αίτημα αργεί πολύ να απαντήσει. Ελέγξτε τη σύνδεσή σας και δοκιμάστε ξανά.	La richiesta sta impiegando troppo tempo per rispondere. Controlla la tua connessione e riprova.	الطلب يستغرق وقتًا طويلاً للاستجابة. يرجى التحقق من اتصالك والمحاولة مرة أخرى.	Die Anfrage dauert zu lange, um zu antworten. Bitte überprüfen Sie Ihre Verbindung und versuchen Sie es erneut.	リクエストの応答が遅すぎます。接続を確認して、もう一度お試しください。	A kérés túl sokáig tart, amíg válaszol. Kérjük, ellenőrizze a kapcsolatát, és próbálja újra.	A solicitação está demorando muito para responder. Por favor, verifique sua conexão e tente novamente.
keyframes_error_VIDEO_DOWNLOAD_FAILED	Video cache failed. Try with another video	La mise en cache de la vidéo à échoué. Veuillez essayer avec une autre vidéo	Falló el almacenamiento en caché del video. Inténtalo con otro vídeo	Η προσωρινή αποθήκευση του βίντεο απέτυχε. Δοκιμάστε με ένα άλλο βίντεο	Cache video fallita. Prova con un altro video	فشل ذاكرة التخزين المؤقت للفيديو. جرب فيديو آخر	Video Cache fehlgeschlagen. Versuchen Sie es mit einem anderen Video	ビデオキャッシュに失敗しました。別の動画で試してください	A videó gyorsítótárazása sikertelen. Próbálkozzon másik videóval	Falha no armazenamento em cache do vídeo. Tente com outro vídeo
keyframes_error_VIDEO_DOWNLOAD_TIMEOUT	Video cache failed. The video cache has timed out	La mise en cache de la vidéo à échoué. La vidéo a mis trop de temps à charger	Falló el almacenamiento en caché del video. El tiempo de espera se ha agotado.	Η προσωρινή αποθήκευση του βίντεο απέτυχε. Το χρονικό διάστημα προσπάθειας προσωρινής αποθήκευσης βίντεο έληξε	Cache video fallita. La cache video è scaduta	فشل ذاكرة التخزين المؤقت للفيديو. تم توقيت ذاكرة التخزين المؤقت للفيديو	Video Cache fehlgeschlagen. Der Video Cache hat zeitlich festgelegt	ビデオキャッシュに失敗しました。ビデオキャッシュがタイムアウトしました	A videó gyorsítótárazása sikertelen. A videó gyorsítótárazása túllépte az időkorlátot	Falha no armazenamento em cache do vídeo. O tempo limite foi atingido.
keyframes_error_VIDEO_SEGMENTATION_FAILED	Video segmentation analysis failed	L'analyse de segmentation vidéo à échoué	Fallo en el análisis de segmentación de vídeo	Η τμηματοποίηση του βίντεο απέτυχε	Analisi di segmentazione video fallita	فشل تحليل المقطع المختار من الفيديو	Die Videosegmentierungsanalyse ist fehlgeschlagen	ビデオセグメンテーション解析に失敗しました	A videó szegmentálási elemzése sikertelen	Falha na análise de segmentação de vídeo
keyframes_error_PROCESS_INTERRUPTED	Video analysis interrupted due to unknown cause. Please re-submit the video	L'analyse de la vidéo à été interrompue dû à une cause inconnue. Veuillez ré-envoyer la vidéo	El análisis de vídeo se interrumpió debido a una causa desconocida. Por favor, vuelva a enviar el vídeo	Η ανάλυση του βίντεο διακόπηκε λόγω άγνωστης αιτίας. Παρακαλώ, υποβάλετε ξανά το βίντεο	L'analisi video interruppe per causa sconosciuta. Si prega di inviare nuovamente il video	توقف تحليل الفيديو لسبب غير معروف. يرجى إعادة تقديم الفيديو	Die Videoanalyse wurde aufgrund der unbekannten Ursache unterbrochen. Bitte geben Sie das Video erneut ein	不明な原因により動画解析が中断されました。動画をもう一度送信してください	A videóelemzés ismeretlen okból megszakadt. Kérjük, küldje el újra a videót	A análise de vídeo foi interrompida devido a uma causa desconhecida. Por favor, reenvie o vídeo
keyframes_error_ANALYSIS_STOPPED_CORRUPTED_VIDEO_FILE	Video analysis quitted due to corrupted video file	L'analyse de la vidéo s'est arrêté dû à des fichiers vidéos corrompus	El análisis de vídeo se ha interrumpido debido a que el archivo de vídeo está dañado.	Η ανάλυση του βίντεο τερματίστηκε λόγω κατεστραμμένου αρχείου βίντεο	L'analisi video non ha funzionato a causa di file video danneggiati	توقف تحليل الفيديو بسبب ملف الفيديو التالف	Videoanalyse aufgrund einer beschädigten Videodatei beendet	動画ファイルが破損しているため、動画解析が終了しました	A videóelemzés sérült videófájl miatt leállt	A análise de vídeo foi interrompida porque o arquivo de vídeo está corrompido.
keyframes_error_ANALYSIS_STOPPED_UNSUPPORTED_FILE_EXTENSION	Video analysis quitted due to unsupported file extension	L'analyse de la vidéo s'est arrêté dû à un format vidéo non supporté	El análisis de vídeo se ha interrumpido debido a que la extensión del archivo no es compatible.	Η ανάλυση του βίντεο τερματίστηκε λόγω μη υποστηριζόμενης επέκτασης αρχείου	L'analisi video non ha funzionato a causa dell'estensione del file non supportata	توقف تحليل الفيديو بسبب امتداد الملف غير المدعوم	Videoanalyse aufgrund einer nicht unterstützten Dateierweiterung beendet	サポートされていないファイル拡張子のため動画解析が終了しました	A videóelemzés nem támogatott fájlkiterjesztés miatt leállt	A análise de vídeo foi interrompida porque a extensão do arquivo não é compatível.
keyframes_error_MAX_VIDEO_DURATION_EXCEEDED	Video duration overcomes the limit	La durée de la video est trop élevée	La duración del video sobrepasa el límite	Η διάρκεια του βίντεο ξεπερνά το όριο	La durata del video supera il limite	مدة الفيديو أعلى من الحد المسموح	Videodauer überwindet die Grenze	動画の長さが制限を超えています	A videó időtartama meghaladja a korlátot	A duração do vídeo ultrapassa o limite
keyframes_error_unavailable	The service is currently unavailable. Try again later	Le service est actuellement indisponible. Veuillez réessayez plus tard	El servicio no está disponible en este momento. Inténtalo de nuevo más tarde	Η υπηρεσία αυτή τη στιγμή δεν είναι διαθέσιμη. Προσπαθήστε ξανά αργότερα	Il servizio non è attualmente disponibile. Riprovare più tardi	الخدمة غير متوفرة حاليا. حاول مرة أخرى في وقت لاحق	Der Service ist derzeit nicht verfügbar. Versuchen Sie es später erneut	現在、サービスはご利用いただけません。後でもう一度試してください	A szolgáltatás jelenleg nem elérhető. Próbálja újra később	O serviço não está disponível no momento. Tente novamente mais tarde
keyframes_error_default	Unknown error occured. Please try again later or with another video.	Une erreur inconnue s'est produite. Veuillez réessayer plus tard ou avec une autre vidéo.	Se ha producido un error desconocido. Por favor, inténtelo de nuevo más tarde o con otro vídeo.	Παρουσιάστηκε άγνωστο σφάλμα. Δοκιμάστε ξανά αργότερα ή με άλλο βίντεο.	Si è verificato un errore sconosciuto. Si prega di riprovare più tardi o con un altro video.	حدث خطأ غير معروف. يرجى المحاولة مرة أخرى لاحقًا أو مع فيديو آخر.	Unbekannter Fehler trat auf. Bitte versuchen Sie es später oder mit einem anderen Video erneut.	不明なエラーが発生しました。しばらくしてから、または別の動画でもう一度お試しください。	Ismeretlen hiba történt. Kérjük, próbálja újra később vagy másik videóval.	Ocorreu um erro desconhecido. Por favor, tente novamente mais tarde ou com outro vídeo.
keyframes_error_ERR_BAD_REQUEST	The video URL is broken or File type not found	L'URL de la vidéo est cassée ou le type de fichier est introuvable	La URL del vídeo está rota o no se encontró el tipo de archivo	Η διεύθυνση URL του βίντεο είναι κατεστραμμένη ή ο τύπος αρχείου δεν βρέθηκε	L'URL del video è danneggiato o il tipo di file non è stato trovato	عنوان URL للفيديو معطل أو لم يتم العثور على نوع الملف	Die Video-URL ist defekt oder der Dateityp wurde nicht gefunden.	動画の URL が壊れているか、ファイルの種類が見つかりません	A videó URL-je hibás, vagy a fájltípus nem található	A URL do vídeo está quebrada ou o tipo de arquivo não foi encontrado
keyframes_wait_VIDEO_WAITING_IN_QUEUE	Video in queue for analysis. The analysis of your video will start immediately after all preceding videos in the queue have been processed	Vidéo en file d'attente pour analyse. L'analyse de votre vidéo commencera immédiatement après que toutes les vidéos précédentes de la file d'attente auront été traitées	Vídeo en cola para análisis. El análisis de su vídeo se iniciará inmediatamente después de que se hayan procesado todos los vídeos anteriores de la cola.	Το βίντεο προστέθηκε στην ουρά για ανάλυση. Η ανάλυση του βίντεό σας θα ξεκινήσει αμέσως μετά την επεξεργασία όλων των προηγούμενων βίντεο στην ουρά	Video in coda per l'analisi. L'analisi del tuo video inizierà immediatamente dopo che tutti i video precedenti nella coda saranno stati elaborati	الفيديو في قائمة الانتظار للتحليل. سيبدأ تحليل الفيديو الخاص بك فورا بعد معالجة جميع مقاطع الفيديو السابقة في قائمة الانتظار	Video in der Warteschlange zur Analyse. Die Analyse Ihres Videos beginnt unmittelbar, nachdem alle vorhergehenden Videos in der Warteschlange verarbeitet wurden	解析のためにビデオがキューにあります。動画の解析は、キュー内のすべての動画が処理された後に開始されます	A videó elemzésre vár a sorban. A videó elemzése azonnal megkezdődik, miután a sorban lévő összes megelőző videó feldolgozása befejeződött	Vídeo na fila para análise. A análise do seu vídeo começará imediatamente após todos os vídeos anteriores na fila terem sido processados.
keyframes_wait_VIDEO_DOWNLOAD_STARTED	The video is being cached before its analysis	La vidéo est mise en cache pour analyse.	El video se almacena en caché antes del análisis.	το βίντεο αποθηκεύεται στην κρυφή μνήμη πριν από την ανάλυση.	Il video viene memorizzato nella cache prima della sua analisi	يتم تخزين الفيديو مؤقتًا قبل تحليله	Das Video wird vor seiner Analyse zwischengespeichert	動画は解析前にキャッシュされています	A videót gyorsítótárazzuk az elemzés előtt	O vídeo está sendo armazenado em cache antes da análise.
keyframes_wait_STARTED	Video analysis running. Step	Analyse de la vidéo en cours. Etape	Análisis de vídeo en marcha. Paso	Εκτελείται η ανάλυση του βίντεο. Βήμα	Analisi video in esecuzione. Passo	تحليل الفيديو قيد التشغيل. خطوة	Videoanalyse ausgeführt. Schritt	動画解析が実行中です。ステップ	Videóelemzés fut. Lépés	Análise de vídeo em andamento. Passo
keyframes_content_title	Video keyframes	Images clés de la vidéo	Imágenes claves del video	Χαρακτηριστικά καρε	Fotogrammi chiave video	إطارات الفيديو	Video -Keyframes	動画のキーフレーム	Videó kulcsképek	Quadros-chave do vídeo
keyframe_title_get_detail	Show detailed view	Afficher la vue détaillée	Mostrar la vista detallada	Εμφάνιση λεπτομερούς προβολής	Mostra vista dettagliata	عرض المحتوى بالتفصيل	Detaillierte Ansicht zeigen	詳細ビューを表示	Részletes nézet megjelenítése	Mostrar a visualização detalhada
keyframe_title_get_simple	Show simple view	Afficher la vue minimal	Mostrar vista simple	Εμφάνιση απλής προβολής	Mostra vista semplice	إظهار عرض بسيط	Einfache Ansicht zeigen	シンプルビューを表示	Egyszerű nézet megjelenítése	Mostrar visualização simples
keyframes_download_subshots	Download keyframes	Télecharger les images clés	Descargar imágenes claves	Λήψη χαρακτηριστικών καρέ	Scarica i fotogrammi chiave	قم بتنزيل إطارات المفاتيح	Keyframes herunterladen	キーフレームをダウンロードする	Kulcsképek letöltése	Baixar quadros-chave
zoom_in	zoom in	augmenter	aumentar	μεγεθύνετε	ingrandire	تكبير	hineinzoomen	ズームイン	Nagyítás	Aumentar
zoom_out	zoom out	réduire	reducir	Σμίκρυνση	Zoom out	تصغير	Rauszoomen	ズームアウト	Kicsinyítés	Reduzir
cardheader_source	Source of the video	Source de la vidéo	Fuente del video	Πηγή του βίντεο	Fonte del video	مصدر الفيديو	Quelle des Videos	動画の出典	A videó forrása	Fonte do vídeo
cardheader_results	Keyframes	Images clés	Fotogramas clave	Χαρακτηριστικά καρέ	Fotogrammi chiave	إطارات المفاتيح	Keyframes	キーフレーム	Kulcsképek	Quadros-chave
linkmode_title	URL	URL	URL	URL	URL	URL	URL	URL	URL	URL
linkmode_description	The video to fragment into keyframes is provided with a URL Link	La vidéo à fragmenter en images clés est fournie avec un lien URL	El video a fragmentar en fotogramas clave se proporciona con un enlace URL	Το βίντεο που πρόκειται να κατακερματιστεί σε keyframes παρέχεται με έναν σύνδεσμο URL	Il video da frammentare in KeyFrames è dotato di un collegamento URL	يتم توفير الفيديو المراد تجزئته إلى إطارات رئيسية عن طريق رابط URL	Das Video ist via Link abrufbar.	キーフレームにする動画をURLリンクで指定する	A kulcsképekre fragmentálandó videó URL linkkel van megadva	O vídeo a ser fragmentado em quadros-chave é fornecido com um link URL
filemode_title	File	Fichier	Fichero	αρχείου	File	ملف	Datei	ファイル	Fájl	Arquivo
filemode_description	The video to fragment is provided with a local file	La vidéo à fragmenter est fournie avec un fichier local	El video a fragmentar se proporciona con un archivo local.	Το βίντεο προς κατακερματισμό παρέχεται με ένα τοπικό αρχείο	Il video da frammentare è dotato di un file locale	يتم توفير الفيديو المراد تجزئته إلى إطارات رئيسية عن طريق ملف محلي URL	Das Video als Datei hochladen.	キーフレームにする動画をローカルファイルで指定する	A fragmentálandó videó helyi fájllal van megadva	O vídeo a ser fragmentado é fornecido com um arquivo local.
loading_dbkf	Loading dbkf	Chargement de DBKF	Cargando dbkf	Φόρτωση DBKF	Caricamento di DBKF	تحميل DBKF	Laden von DBKF	dbkfをロード中	dbkf betöltése	Carregando dbkf
found_dbkf	Video found in the DBKF database	Vidéo trouvée dans la base de données DBKF	Video encontrado en la base de datos DBKF	Βίντεο που βρέθηκαν στη βάση δεδομένων DBKF	Video trovato nel database DBKF	الفيديو موجود في قاعدة بيانات DBKF	Video in der DBKF -Datenbank gefunden	DBKF データベースで見つかった動画	A videó megtalálható a DBKF adatbázisban	Vídeo encontrado no banco de dados DBKF
dbkf_articles	The video has been found in the next articles:	La vidéo a été trouvée dans les articles suivants:	El video se ha encontrado en los siguientes artículos:	Το βίντεο βρέθηκε στα επόμενα άρθρα:	Il video è stato trovato nei prossimi articoli:	تم العثور على الفيديو في المقالات التالية:	Das Video wurde in den nächsten Artikeln gefunden:	動画は次の記事にあります	A videó a következő cikkekben található:	O vídeo foi encontrado nos seguintes artigos:
keyframes_error_VIDEO_SIMILARITY	The video search in the DBKF failed and the results will not be displayed	La recherche de vidéos dans le DBKF a échoué et les résultats ne s'affichent pas.	La búsqueda de vídeos en DBKF ha fallado y los resultados no serán mostrados	Η αναζήτηση βίντεο στο DBKF απέτυχε και τα αποτελέσματα δεν εμφανίζοντ	Fallimento della ricerca di video in DBKF e i risultati non verranno mostrati	فشل بحث الفيديو في DBKF ولن يتم عرض النتائج	Die Videosuche im DBKF ist fehlgeschlagen und die Ergebnisse werden nicht angezeigt	　DBKFでの動画検索が失敗し、結果が表示されません	A videókeresés a DBKF-ben sikertelen volt, és az eredmények nem jelennek meg	A busca de vídeos no DBKF falhou e os resultados não serão exibidos
dbkf_threshold	0.6	0.6	0.6	0.6	0.6	0.6	0.6	0.6	0.6	0.6
text_detected_title	Text detected	Texte détecté	Texto detectado	Εντοπισμένο κείμενο	Testo rilevato	النص المكتشف	Erkannter Text	検出されたテキスト	Szöveg észlelve	Texto detectado
faces_detected_title	Faces detected	Visages détectés	Caras detectadas	Εντοπίστηκαν πρόσωπα	Volti rilevati	تم اكتشاف الوجوه	Gesichter erkannt	顔が検出されました	Arcok észlelve	Rostos detectados
