	en	fr	es	el	it	ar	de	ja	hu	pt
synthetic_image_detection_label	Media link	Media lien	Media link	σύνδεσμος πολυμέσων	Collegamento multimediale	رابط الوسائط	Medienlink	メディアリンク	Média link	Link da mídia
synthetic_image_detection_name	Synthetic Image Detection	Détection d'image synthétique	Detección de imágenes sintéticas	Ανίχνευση συνθετικής εικόνας	Rilevamento di immagini sintetiche	كشف الصور الاصطناعية	Synthetische Bilderkennung	合成画像の検出	Szintetikus képérzékelés	Detecção de imagens sintéticas
synthetic_image_detection_placeholder	Paste the URL here	Collez le lien ici	Pega aquí el link	Επικολλήστε τη διεύθυνση σύνδεσμος εδώ	Incolla l'URL qui	الصق عنوان URL هنا	Fügen Sie die URL hier ein	ここにURLを貼り付けてください	Illessze be ide az URL-t	Cole o link aqui
synthetic_image_detection_image_type	Image type	Type d'image	Tipo de imagen	Τύπος εικόνας	Tipo di immagine	نوع الصورة	Bildtyp	画像の種類	Képtípus	Tipo de imagem
synthetic_image_detection_results	Results of the clip selected	Résultats du clip sélectionné	Resultados del clip seleccionado	Αποτελέσματα του επιλεγμένου κλιπ	Risultati della clip selezionata	نتائج المقطع المحدد	Ergebnisse des ausgewählten Clips	選択したクリップの結果	A kiválasztott klip eredményei	Resultados do clipe selecionado
synthetic_image_detection_link	Image link	Lien image	Link de la imagen	Σύνδεσμος εικόνας	Collegamento immagine	رابط الصورة	Bildlink	画像リンク	Képlink	Link da imagem
synthetic_image_detection_gan_name	GAN	RAG	RAG	GAN	GAN	GAN	GAN	GAN	GAN	RAG
synthetic_image_detection_gan_description	This method aims to detect if the image has been generated by a Generative Adversarial Network (GAN).	Cette méthode vise à détecter si l'image a été générée par un réseau antagoniste génératif (RAG).	Este metodo trata de detectar si la imagen ha sido generada por una red generativa adversativa (RAG).	Αυτή η μέθοδος στοχεύει να ανιχνεύσει εάν η εικόνα έχει δημιουργηθεί από ένα Generative Adversarial Network (GAN).	Questo metodo mira a rilevare se l'immagine è stata generata da una Generative Adversarial Network (GAN).	تهدف هذه الطريقة إلى اكتشاف ما إذا كانت الصورة قد تم إنشاؤها بواسطة شبكة الخصومة التوليدية (GAN).	Diese Methode zielt darauf ab zu erkennen, ob das Bild von einem generativen kontroversem Netzwerk (GAN) generiert wurde.	この方法は、画像が敵対的生成ネットワーク (GAN) によって生成されたかどうかを検出することを目的としています	Ez a módszer azt célozza meg, hogy észlelje, vajon a képet Generatív Ellenséges Hálózat (GAN) generálta-e.	Este método tenta detectar se a imagem foi gerada por uma rede generativa adversarial (RAG).
synthetic_image_detection_diffusion_name	Latent Diffusion model	Modèle de diffusion latent	Modelo de difusión latente	Μοντέλο λανθάνουσας διάχυσης	Modello di diffusione latente	نموذج الانتشار الكامن	Modell der latenten Diffusion	潜在拡散モデル	Latens Diffúziós modell	Modelo de difusão latente
synthetic_image_detection_diffusion_description	This method aims to detect if the image has been generated through a latent diffusion model neural network.	Cette méthode vise à détecter si l'image a été générée par un modèle neuronal de diffusion.	Este metodo trata de detectar si la image ha sigo generada por un modelo neuronal de difusión.	Αυτή η μέθοδος στοχεύει να ανιχνεύσει εάν η εικόνα έχει δημιουργηθεί μέσω ενός νευρωνικού δικτύου μοντέλου διάχυσης.	Questo metodo mira a rilevare se l'immagine è stata generata attraverso una rete neurale con modello di diffusione.	تهدف هذه الطريقة إلى اكتشاف ما إذا كانت الصورة قد تم إنشاؤها من خلال شبكة عصبية لنموذج الانتشار.	Diese Methode zielt darauf ab, festzustellen, ob das Bild durch ein neuronales Diffusionsmodell -Netzwerk erzeugt wurde.	この方法は、画像が潜在拡散モデル ニューラルネットワークを通じて生成されたかどうかを検出することを目的としています	Ez a módszer azt célozza meg, hogy észlelje, vajon a képet latens diffúziós modell neurális hálózaton keresztül generálták-e.	Este método tenta detectar se a imagem foi gerada por um modelo neural de difusão.
synthetic_image_detection_progan_name	ProGAN	ProGAN	ProGAN	ProGAN	ProGAN	ProGAN	ProGAN	ProGAN	ProGAN	ProGAN
synthetic_image_detection_progan_description	This model can detect fully synthetic images generated by ProGAN Models or architectures that are similar.	Ce modèle peut détecter des images entièrement synthétiques générées par des modèles ProGAN ou des architectures similaires.	Este modelo puede detectar imágenes completamente sintéticas generadas por modelos ProGAN o arquitecturas similares.	Αυτό το μοντέλο μπορεί να ανιχνεύσει πλήρως συνθετικές εικόνες που παράγονται από μοντέλα ProGAN ή αρχιτεκτονικές που είναι παρόμοιες.	Questo modello è in grado di rilevare immagini completamente sintetiche generate da modelli ProGAN o architetture simili.	يمكن لهذا النموذج اكتشاف الصور الاصطناعية بشكل كامل التي تم إنشاؤها بواسطة نماذج ProGAN أ بما في ذلك طبقة بداية لاستخراج البقايا وبدون تخفيض في الطبقة الأولى.	Dieses Modell kann vollständig synthetische Bilder erkennen, die von Progan -Modellen oder -Architekturen erzeugt werden, die ähnlich sind.	このモデルは、ProGAN モデルまたは同様のアーキテクチャによって生成された完全合成画像を検出できます	Ez a modell képes észlelni a ProGAN modellek vagy hasonló architektúrák által generált teljesen szintetikus képeket.	Este modelo pode detectar imagens completamente sintéticas geradas por modelos ProGAN ou arquiteturas similares.
synthetic_image_detection_adm_name	ADM	ADM	ADM	ADM	ADM	ADM	ADM	ADM	ADM	ADM
synthetic_image_detection_adm_description	This model can detect fully synthetic images generated by ADMs or architectures that are similar.	Ce modèle peut détecter des images entièrement synthétiques générées par des ADMs ou des architectures similaires.	Este modelo puede detectar imágenes completamente sintéticas generadas por ADMs o arquitecturas similares.	Αυτό το μοντέλο μπορεί να ανιχνεύσει πλήρως συνθετικές εικόνες που παράγονται από ADMs ή αρχιτεκτονικές που είναι παρόμοιες.	Questo modello è in grado di rilevare immagini completamente sintetiche generate da ADM o architetture simili.	.، بما في ذلك طبقة بداية لاستخراج البقايا وبدون تخفيض في الطبقة الأولى. النموذج ليس معتمدًا مسبقًا ويتم إجراء تعزيزات قوية بما في ذلك التشويش والضغط وإضافة الضوضاء الغاوسية والتحولات الهندسية والقطع وتغييرات السطوع والتباين.	Dieses Modell kann vollständig synthetische Bilder erkennen, die von ADMS oder Architekturen erzeugt werden, die ähnlich sind.	このモデルは、ADM または同様のアーキテクチャによって生成された完全合成画像を検出できます	Ez a modell képes észlelni az ADM-ek vagy hasonló architektúrák által generált teljesen szintetikus képeket.	Este modelo pode detectar imagens completamente sintéticas geradas por ADMs ou arquiteturas similares.
synthetic_image_detection_progan_rine_mever_name	ProGAN RINE	ProGAN RINE	ProGAN RINE	ProGAN RINE	ProGAN RINE	ProGAN RINE	ProGAN RINE	プロガンライン	ProGAN RINE	ProGAN RINE
synthetic_image_detection_progan_rine_mever_description	This model detects fully synthetic images. It specializes in detecting images generated by Generative Adversarial Networks (GAN). The CLIP (Contrastive Language-Image Pre-training) technology extracts key characteristics from the image.	Ce modèle détecte les images entièrement synthétiques. Il se spécialise dans la détection d'images générées par les réseaux antagonistes génératifs (GAN). La technologie CLIP (Pré-entraînement contrastif Langage-Image) extrait les caractéristiques clés de l'image.	Este modelo detecta imágenes completamente sintéticas. Se especializa en la detección de imágenes generadas por redes generativas adversarias (GAN). La tecnología CLIP (Preentrenamiento Contrastivo de Lenguaje-Imagen) extrae características clave de la imagen.	Αυτό το μοντέλο ανιχνεύει πλήρως συνθετικές εικόνες. Ειδικεύεται στην ανίχνευση εικόνων που παράγονται από τους γεννητικούς αντιπαραγωγικούς δίκτυους (GAN). Η τεχνολογία CLIP (Προεκπαίδευση με Αντιθετική Γλώσσα-Εικόνα) εξάγει τα κύρια χαρακτηριστικά από την εικόνα.	Questo modello rileva immagini completamente sintetiche. Si specializza nella rilevazione di immagini generate da reti generative avversarie (GAN). La tecnologia CLIP (Preallenamento Contrastivo Linguaggio-Immagine) estrae caratteristiche chiave dall'immagine.	يكتشف هذا النموذج الصور الاصطناعية بالكامل. إنه متخصص في اكتشاف الصور التي تم إنشاؤها بواسطة شبكات الخصم الانتاجية (GAN). تستخرج تقنية CLIP (التدريب المسبق باللغة والصورة التبايني) السمات الرئيسية من الصورة.	Dieses Modell erkennt vollständig synthetische Bilder. Es hat sich auf die Erkennung von Bildern spezialisiert, die von generativen adversarischen Netzwerken (GAN) generiert wurden, während die CLIP-Technologie (Kontrastive Sprache-Bild-Vorab-Trainings) Schlüsseleigenschaften aus dem Bild extrahiert.	このモデルは完全合成画像を検出します。これは、敵対的生成ネットワーク (GAN) によって生成された画像の検出に特化しています。 CLIP (Contrastive Language-Image Pre-training) 技術は、画像から主要な特徴を抽出します	Ez a modell teljesen szintetikus képeket észlel. A Generatív Ellenséges Hálózatok (GAN) által generált képek észlelésére specializálódott. A CLIP (Kontrasztív Nyelv-Kép Előtréning) technológia kulcsfontosságú jellemzőket nyer ki a képből.	Este modelo detecta imagens completamente sintéticas. É especializado na detecção de imagens geradas por redes generativas adversariais (GAN). A tecnologia CLIP (Pré-treinamento Contrastivo de Linguagem-Imagem) extrai características chave da imagem.
synthetic_image_detection_ldm_rine_mever_name	LDM RINE	LDM RINE	LDM RINE	LDM RINE	LDM RINE	LDM RINE	LDM RINE	LDM RINE	LDM RINE	LDM RINE
synthetic_image_detection_ldm_rine_mever_description	This model detects fully synthetic images. It specializes in detecting images generated by Latent Diffusion Models (LDM), while exhibiting strong detection performance across several other generative methods. The CLIP (Contrastive Language-Image Pre-training) technology extracts key characteristics from the image.	Ce modèle détecte les images entièrement synthétiques. Il se spécialise dans la détection d'images générées par les modèles de diffusion latente (LDM), tout en présentant de solides performances de détection sur plusieurs autres méthodes génératives. La technologie CLIP (Pré-entraînement contrastif Langage-Image) extrait les caractéristiques clés de l'image.	Este modelo detecta imágenes completamente sintéticas. Se especializa en la detección de imágenes generadas por modelos de difusión latente (LDM), mientras exhibe un fuerte rendimiento de detección en varios otros métodos generativos. La tecnología CLIP (Preentrenamiento Contrastivo de Lenguaje-Imagen) extrae características clave de la imagen.	Αυτό το μοντέλο ανιχνεύει πλήρως συνθετικές εικόνες. Ειδικεύεται στην ανίχνευση εικόνων που παράγονται από μοντέλα διάχυσης κρυφής (LDM), ενώ επιδεικνύει ισχυρές επιδόσεις ανίχνευσης σε αρκετές άλλες γεννητικές μεθόδους. Η τεχνολογία CLIP (Προεκπαίδευση με Αντιθετική Γλώσσα-Εικόνα) εξάγει τα κύρια χαρακτηριστικά από την εικόνα.	Questo modello rileva immagini completamente sintetiche. Si specializza nella rilevazione di immagini generate da modelli di diffusione latente (LDM), mostrando nel contempo una forte performance di rilevamento su diversi altri metodi generativi. La tecnologia CLIP (Preallenamento Contrastivo Linguaggio-Immagine) estrae caratteristiche chiave dall'immagine.	يكتشف هذا النموذج الصور الاصطناعية بالكامل. إنه متخصص في اكتشاف الصور التي تم إنشاؤها بواسطة نماذج الانتشار الكامنة (LDM)، مع عرض أداء كشف قوي عبر عدة طرق توليدية أخرى. تستخرج تقنية CLIP (التدريب المسبق باللغة والصورة التبايني) السمات الرئيسية من الصورة.	Dieses Modell erkennt vollständig synthetische Bilder. Es hat sich auf die Erkennung von Bildern spezialisiert, die von latenten Diffusionsmodellen (LDM) generiert wurden, und zeigt dabei eine starke Erkennungsleistung bei verschiedenen anderen generativen Methoden. Die CLIP-Technologie (Kontrastive Sprache-Bild-Vorab-Trainings) extrahiert Schlüsseleigenschaften aus dem Bild.	このモデルは完全合成画像を検出します。潜在拡散モデル (LDM) によって生成された画像の検出に特化しており、他のいくつかの生成方法にわたって強力な検出パフォーマンスを示します。 CLIP (Contrastive Language-Image Pre-training) 技術は、画像から主要な特徴を抽出します。	Ez a modell teljesen szintetikus képeket észlel. A Latens Diffúziós Modellek (LDM) által generált képek észlelésére specializálódott, miközben számos más generatív módszerrel szemben is erős észlelési teljesítményt mutat. A CLIP (Kontrasztív Nyelv-Kép Előtréning) technológia kulcsfontosságú jellemzőket nyer ki a képből.	Este modelo detecta imagens completamente sintéticas. É especializado na detecção de imagens geradas por modelos de difusão latente (LDM), enquanto exibe um forte desempenho de detecção em vários outros métodos generativos. A tecnologia CLIP (Pré-treinamento Contrastivo de Linguagem-Imagem) extrai características chave da imagem.
synthetic_image_detection_itw_rine_mever_name	ITW RINE	ITW RINE	ITW RINE	ITW RINE	ITW RINE	ITW RINE	ITW RINE	ITW RINE	ITW RINE	ITW RINE
synthetic_image_detection_itw_rine_mever_description	This model detects fully synthetic images and specializes in identifying those found in-the-wild, such as images that have undergone compression by being posted on social media. It is trained using a combination of the LDM training dataset, TWIGMA, and OpenImages datasets. The DINOv2 technology extracts key characteristics from the image to enable accurate detection.	Ce modèle détecte des images entièrement synthétiques et se spécialise dans l'identification de celles trouvées dans leur état naturel, telles que les images ayant subi une compression en raison de leur publication sur les réseaux sociaux. Il est entraîné à l'aide d'une combinaison de l'ensemble de données d'entraînement LDM, TWIGMA et OpenImages. La technologie DINOv2 extrait les caractéristiques clés de l'image pour permettre une détection précise.	Este modelo detecta imágenes completamente sintéticas y se especializa en identificar aquellas que se encuentran en la naturaleza, como las imágenes que han pasado por compresión al ser publicadas en redes sociales. Está entrenado utilizando una combinación del conjunto de datos de entrenamiento LDM, TWIGMA y OpenImages. La tecnología DINOv2 extrae características clave de la imagen para permitir una detección precisa.	Αυτό το μοντέλο ανιχνεύει πλήρως συνθετικές εικόνες και ειδικεύεται στον εντοπισμό αυτών που βρίσκονται "στη φύση", όπως εικόνες που έχουν υποστεί συμπίεση λόγω ανάρτησης σε μέσα κοινωνικής δικτύωσης. Εκπαιδεύεται χρησιμοποιώντας έναν συνδυασμό των συνόλων δεδομένων εκπαίδευσης LDM, TWIGMA και OpenImages. Η τεχνολογία DINOv2 εξάγει βασικά χαρακτηριστικά από την εικόνα για να επιτρέψει ακριβή εντοπισμό.	Questo modello rileva immagini completamente sintetiche e si specializza nell'identificazione di quelle trovate "allo stato selvatico", come immagini che sono state compresse durante la pubblicazione sui social media. È addestrato utilizzando una combinazione di dataset di addestramento LDM, TWIGMA e OpenImages. La tecnologia DINOv2 estrae caratteristiche chiave dall'immagine per consentire un rilevamento accurato.	يقوم هذا النموذج باكتشاف الصور الاصطناعية بالكامل ويتخصص في تحديد تلك الموجودة في "الطبيعة"، مثل الصور التي تعرضت للضغط بسبب نشرها على وسائل التواصل الاجتماعي. يتم تدريبه باستخدام مجموعة من بيانات التدريب الخاصة بـ LDM و TWIGMA و OpenImages. تستخرج تكنولوجيا DINOv2 الخصائص الرئيسية من الصورة لتمكين الاكتشاف الدقيق.	Dieses Modell erkennt vollständig synthetische Bilder und ist auf die Identifizierung solcher Bilder spezialisiert, die "in freier Wildbahn" gefunden wurden, beispielsweise Bilder, die durch das Posten in sozialen Medien komprimiert wurden. Es wird mit einer Kombination aus dem LDM-Trainingsdatensatz, TWIGMA und OpenImages-Datensätzen trainiert. Die DINOv2-Technologie extrahiert Schlüsselmerkmale aus dem Bild, um eine präzise Erkennung zu ermöglichen.	このモデルは完全に合成された画像を検出し、ソーシャルメディアに投稿されることで圧縮された画像など、「自然環境にある」ものを特定することを専門としています。LDMトレーニングデータセット、TWIGMA、およびOpenImagesデータセットの組み合わせを使用してトレーニングされています。DINOv2テクノロジーは、正確な検出を可能にするために画像から主要な特徴を抽出します。	Ez a modell teljesen szintetikus képeket észlel, és azokat a vadonban található képeket azonosítja, mint például a közösségi médiában való közzététel miatt tömörített képeket. Az LDM képzési adatkészlet, a TWIGMA és az OpenImages adatkészletek kombinációjával van betanítva. A DINOv2 technológia kulcsfontosságú jellemzőket nyer ki a képből a pontos észlelés érdekében.	Este modelo detecta imagens completamente sintéticas e se especializa em identificar aquelas encontradas na natureza, como imagens que passaram por compressão ao serem publicadas em redes sociais. É treinado usando uma combinação do conjunto de dados de treinamento LDM, TWIGMA e OpenImages. A tecnologia DINOv2 extrai características chave da imagem para permitir uma detecção precisa.
synthetic_image_detection_itw_spai_mever_name	ITW SPAI	ITW SPAI	ITW SPAI	ITW SPAI	ITW SPAI	ITW SPAI	ITW SPAI	ITW SPAI	ITW SPAI	ITW SPAI
synthetic_image_detection_itw_spai_mever_description	This model detects fully synthetic images and specializes in identifying those found in-the-wild, such as images that have undergone compression by being posted on social media. It is trained using a combination of the LDM training dataset, TWIGMA, and OpenImages datasets. The DINOv2 technology extracts key characteristics from the image to enable accurate detection.	Ce modèle détecte des images entièrement synthétiques et se spécialise dans l'identification de celles trouvées dans leur état naturel, telles que les images ayant subi une compression en raison de leur publication sur les réseaux sociaux. Il est entraîné à l'aide d'une combinaison de l'ensemble de données d'entraînement LDM, TWIGMA et OpenImages. La technologie DINOv2 extrait les caractéristiques clés de l'image pour permettre une détection précise.	Este modelo detecta imágenes completamente sintéticas y se especializa en identificar aquellas que se encuentran en la naturaleza, como las imágenes que han pasado por compresión al ser publicadas en redes sociales. Está entrenado utilizando una combinación del conjunto de datos de entrenamiento LDM, TWIGMA y OpenImages. La tecnología DINOv2 extrae características clave de la imagen para permitir una detección precisa.	Αυτό το μοντέλο ανιχνεύει πλήρως συνθετικές εικόνες και ειδικεύεται στον εντοπισμό αυτών που βρίσκονται "στη φύση", όπως εικόνες που έχουν υποστεί συμπίεση λόγω ανάρτησης σε μέσα κοινωνικής δικτύωσης. Εκπαιδεύεται χρησιμοποιώντας έναν συνδυασμό των συνόλων δεδομένων εκπαίδευσης LDM, TWIGMA και OpenImages. Η τεχνολογία DINOv2 εξάγει βασικά χαρακτηριστικά από την εικόνα για να επιτρέψει ακριβή εντοπισμό.	Questo modello rileva immagini completamente sintetiche e si specializza nell'identificazione di quelle trovate "allo stato selvatico", come immagini che sono state compresse durante la pubblicazione sui social media. È addestrato utilizzando una combinazione di dataset di addestramento LDM, TWIGMA e OpenImages. La tecnologia DINOv2 estrae caratteristiche chiave dall'immagine per consentire un rilevamento accurato.	يقوم هذا النموذج باكتشاف الصور الاصطناعية بالكامل ويتخصص في تحديد تلك الموجودة في "الطبيعة"، مثل الصور التي تعرضت للضغط بسبب نشرها على وسائل التواصل الاجتماعي. يتم تدريبه باستخدام مجموعة من بيانات التدريب الخاصة بـ LDM و TWIGMA و OpenImages. تستخرج تكنولوجيا DINOv2 الخصائص الرئيسية من الصورة لتمكين الاكتشاف الدقيق.	Dieses Modell erkennt vollständig synthetische Bilder und ist auf die Identifizierung solcher Bilder spezialisiert, die "in freier Wildbahn" gefunden wurden, beispielsweise Bilder, die durch das Posten in sozialen Medien komprimiert wurden. Es wird mit einer Kombination aus dem LDM-Trainingsdatensatz, TWIGMA und OpenImages-Datensätzen trainiert. Die DINOv2-Technologie extrahiert Schlüsselmerkmale aus dem Bild, um eine präzise Erkennung zu ermöglichen.	このモデルは完全に合成された画像を検出し、ソーシャルメディアに投稿されることで圧縮された画像など、「自然環境にある」ものを特定することを専門としています。LDMトレーニングデータセット、TWIGMA、およびOpenImagesデータセットの組み合わせを使用してトレーニングされています。DINOv2テクノロジーは、正確な検出を可能にするために画像から主要な特徴を抽出します。	Ez a modell teljesen szintetikus képeket észlel, és azokat a vadonban található képeket azonosítja, mint például a közösségi médiában való közzététel miatt tömörített képeket. Az LDM képzési adatkészlet, a TWIGMA és az OpenImages adatkészletek kombinációjával van betanítva. A DINOv2 technológia kulcsfontosságú jellemzőket nyer ki a képből a pontos észlelés érdekében.	Este modelo detecta imagens completamente sintéticas e se especializa em identificar aquelas encontradas na natureza, como imagens que passaram por compressão ao serem publicadas em redes sociais. É treinado usando uma combinação do conjunto de dados de treinamento LDM, TWIGMA e OpenImages. A tecnologia DINOv2 extrai características chave da imagem para permitir uma detecção precisa.
synthetic_image_detection_title	Detection results	Résultats de la détection	Resultados de la detección	Αποτελέσματα ανίχνευσης		نتائج الكشف	Erkennungsergebnisse	検出結果	Észlelési eredmények	Resultados da detecção
synthetic_image_detection_ldm-webp_r50_grip_name	LDM WebP r50	LDM WebP r50	LDM WebP r50	LDM WebP r50	LDM WebP r50	LDM WebP r50	LDM WebP r50	LDM WebP r50	LDM WebP r50	LDM WebP r50
synthetic_image_detection_ldm-webp_r50_grip_description	This model can detect fully synthetic images of webp format generated by Latent Diffusion Models or architectures that are similar. The model's architecture is a variant of ResNet-50, trained to capture low-level artifacts introduced by the generative model.	Ce modèle peut détecter des images entièrement synthétiques au format webp générées par des modèles de diffusion latente ou des architectures similaires. L'architecture du modèle est une variante du ResNet-50, entraînée pour capturer les artefacts de bas niveau introduits par le modèle génératif.	Este modelo puede detectar imágenes completamente sintéticas en formato webp generadas por Modelos de Difusión Latente o arquitecturas similares. La arquitectura del modelo es una variante de ResNet-50, entrenada para capturar artefactos de bajo nivel introducidos por el modelo generativo.	Αυτό το μοντέλο μπορεί να ανιχνεύσει πλήρως συνθετικές εικόνες σε μορφή webp που δημιουργούνται από Μοντέλα Διάχυσης Latent ή παρόμοιες αρχιτεκτονικές. Η αρχιτεκτονική του μοντέλου είναι μια παραλλαγή του ResNet-50, εκπαιδευμένη να καταγράφει χαμηλού επιπέδου τεχνουργήματα που εισάγονται από το γενετικό μοντέλο.	Questo modello può rilevare immagini completamente sintetiche in formato webp generate da modelli di diffusione latente o architetture simili. L'architettura del modello è una variante del ResNet-50, addestrata per catturare artefatti di basso livello introdotti dal modello generativo.	يمكن لهذا النموذج اكتشاف الصور الاصطناعية تمامًا بتنسيق webp التي تم إنشاؤها بواسطة نماذج الانتشار الكامن أو البنى المماثلة. يعد هيكل النموذج متغيرًا من ResNet-50، تم تدريبه لالتقاط القطع الأثرية منخفضة المستوى التي يقدمها النموذج التوليدي.	Dieses Modell kann vollständig synthetische Bilder im Webp-Format erkennen, die von Latent-Diffusionsmodellen oder ähnlichen Architekturen generiert wurden. Die Architektur des Modells ist eine Variante von ResNet-50, die darauf trainiert wurde, niedrige Artefakte zu erfassen, die durch das generative Modell eingeführt wurden.	このモデルは、潜在拡散モデルまたは同様のアーキテクチャによって生成された webp 形式の完全合成画像を検出できます。このモデルのアーキテクチャは ResNet-50 のバリアントであり、生成モデルによって導入された低レベルのアーティファクトを検出するようにトレーニングされています。	Ez a modell képes észlelni a Latens Diffúziós Modellek vagy hasonló architektúrák által generált webp formátumú teljesen szintetikus képeket. A modell architektúrája a ResNet-50 változata, amelyet a generatív modell által bevezetett alacsony szintű artefaktumok rögzítésére képeztek ki.	Este modelo pode detectar imagens completamente sintéticas em formato webp geradas por Modelos de Difusão Latente ou arquiteturas similares. A arquitetura do modelo é uma variante de ResNet-50, treinada para capturar artefatos de baixo nível introduzidos pelo modelo generativo.
synthetic_image_detection_gigagan-webp_r50_grip_name	GigaGAN WebP r50	GigaGAN WebP r50	GigaGAN WebP r50	GigaGAN WebP r50	GigaGAN WebP r50	GigaGAN WebP r50	GigaGAN WebP r50	GigaGAN WebP r50	GigaGAN WebP r50	GigaGAN WebP r50
synthetic_image_detection_gigagan-webp_r50_grip_description	This model can detect fully synthetic images of webp format generated by GigaGAN or architectures that are similar. The model's architecture is a variant of ResNet-50, trained to capture low-level artifacts introduced by the generative model.	Ce modèle peut détecter des images entièrement synthétiques au format webp générées par GigaGAN ou des architectures similaires. L'architecture du modèle est une variante du ResNet-50, entraînée pour capturer les artefacts de bas niveau introduits par le modèle génératif.	Este modelo puede detectar imágenes completamente sintéticas en formato webp generadas por GigaGAN o arquitecturas similares. La arquitectura del modelo es una variante de ResNet-50, entrenada para capturar artefactos de bajo nivel introducidos por el modelo generativo.	Αυτό το μοντέλο μπορεί να ανιχνεύσει πλήρως συνθετικές εικόνες σε μορφή webp που δημιουργούνται από το GigaGAN ή παρόμοιες αρχιτεκτονικές. Η αρχιτεκτονική του μοντέλου είναι μια παραλλαγή του ResNet-50, εκπαιδευμένη να καταγράφει χαμηλού επιπέδου τεχνουργήματα που εισάγονται από το γενετικό μοντέλο.	Questo modello può rilevare immagini completamente sintetiche in formato webp generate da GigaGAN o architetture simili. L'architettura del modello è una variante del ResNet-50, addestrata per catturare artefatti di basso livello introdotti dal modello generativo.	يمكن لهذا النموذج اكتشاف الصور الاصطناعية تمامًا بتنسيق webp التي تم إنشاؤها بواسطة GigaGAN أو البنى المماثلة. يعد هيكل النموذج متغيرًا من ResNet-50، تم تدريبه لالتقاط القطع الأثرية منخفضة المستوى التي يقدمها النموذج التوليدي.	Dieses Modell kann vollständig synthetische Bilder im Webp-Format erkennen, die von GigaGAN oder ähnlichen Architekturen generiert wurden. Die Architektur des Modells ist eine Variante von ResNet-50, die darauf trainiert wurde, niedrige Artefakte zu erfassen, die durch das generative Modell eingeführt wurden.	このモデルは、GigaGAN または同様のアーキテクチャによって生成された WebP 形式の完全合成画像を検出できます。このモデルのアーキテクチャは ResNet-50 のバリアントであり、生成モデルによって導入された低レベルのアーティファクトを検出するようにトレーニングされています。	Ez a modell képes észlelni a GigaGAN vagy hasonló architektúrák által generált webp formátumú teljesen szintetikus képeket. A modell architektúrája a ResNet-50 változata, amelyet a generatív modell által bevezetett alacsony szintű artefaktumok rögzítésére képeztek ki.	Este modelo pode detectar imagens completamente sintéticas em formato webp geradas por GigaGAN ou arquiteturas similares. A arquitetura do modelo é uma variante de ResNet-50, treinada para capturar artefatos de baixo nível introduzidos pelo modelo generativo.
synthetic_image_detection_progan-webp_r50_grip_name	ProGAN WebP r50	ProGAN WebP r50	ProGAN WebP r50	ProGAN WebP r50	ProGAN WebP r50	ProGAN WebP r50		ProGAN WebP r50	ProGAN WebP r50	ProGAN WebP r50
synthetic_image_detection_progan-webp_r50_grip_description	This model can detect fully synthetic images of webp format generated by ProGAN or architectures that are similar. The model's architecture is a variant of ResNet-50, trained to capture low-level artifacts introduced by the generative model.	Ce modèle peut détecter des images entièrement synthétiques au format webp générées par ProGAN ou des architectures similaires. L'architecture du modèle est une variante du ResNet-50, entraînée pour capturer les artefacts de bas niveau introduits par le modèle génératif.	Este modelo puede detectar imágenes completamente sintéticas en formato webp generadas por ProGAN o arquitecturas similares. La arquitectura del modelo es una variante de ResNet-50, entrenada para capturar artefactos de bajo nivel introducidos por el modelo generativo.	Αυτό το μοντέλο μπορεί να ανιχνεύσει πλήρως συνθετικές εικόνες σε μορφή webp που δημιουργούνται από το ProGAN ή παρόμοιες αρχιτεκτονικές. Η αρχιτεκτονική του μοντέλου είναι μια παραλλαγή του ResNet-50, εκπαιδευμένη να καταγράφει χαμηλού επιπέδου τεχνουργήματα που εισάγονται από το γενετικό μοντέλο.	Questo modello può rilevare immagini completamente sintetiche in formato webp generate da ProGAN o architetture simili. L'architettura del modello è una variante del ResNet-50, addestrata per catturare artefatti di basso livello introdotti dal modello generativo.	يمكن لهذا النموذج اكتشاف الصور الاصطناعية تمامًا بتنسيق webp التي تم إنشاؤها بواسطة ProGAN أو البنى المماثلة. يعد هيكل النموذج متغيرًا من ResNet-50، تم تدريبه لالتقاط القطع الأثرية منخفضة المستوى التي يقدمها النموذج التوليدي.	Dieses Modell kann vollständig synthetische Bilder im Webp-Format erkennen, die von ProGAN oder ähnlichen Architekturen generiert wurden. Die Architektur des Modells ist eine Variante von ResNet-50, die darauf trainiert wurde, niedrige Artefakte zu erfassen, die durch das generative Modell eingeführt wurden.	このモデルは、ProGAN または同様のアーキテクチャによって生成された WebP 形式の完全合成画像を検出できます。このモデルのアーキテクチャは ResNet-50 のバリアントであり、生成モデルによって導入された低レベルのアーティファクトを検出するようにトレーニングされています。	Ez a modell képes észlelni a ProGAN vagy hasonló architektúrák által generált webp formátumú teljesen szintetikus képeket. A modell architektúrája a ResNet-50 változata, amelyet a generatív modell által bevezetett alacsony szintű artefaktumok rögzítésére képeztek ki.	Este modelo pode detectar imagens completamente sintéticas em formato webp geradas por ProGAN ou arquiteturas similares. A arquitetura do modelo é uma variante de ResNet-50, treinada para capturar artefatos de baixo nível introduzidos pelo modelo generativo.
synthetic_image_detection_ldm_r50_mever_name	LDM r50	LDM r50	LDM r50	LDM r50	LDM r50	LDM r50	LDM r50	LDM r50	LDM r50	LDM r50
synthetic_image_detection_ldm_r50_mever_description	This model can detect fully synthetic images generated by Latent Diffusion Models or architectures that are similar. The model's architecture is a variant of ResNet-50, trained to capture low-level artifacts introduced by the generative model.	Ce modèle peut détecter des images entièrement synthétiques générées par des modèles de diffusion latente ou des architectures similaires. L'architecture du modèle est une variante du ResNet-50, entraînée pour capturer les artefacts de bas niveau introduits par le modèle génératif.	Este modelo puede detectar imágenes completamente sintéticas generadas por Modelos de Difusión Latente o arquitecturas similares. La arquitectura del modelo es una variante de ResNet-50, entrenada para capturar artefactos de bajo nivel introducidos por el modelo generativo.	Αυτό το μοντέλο μπορεί να ανιχνεύσει πλήρως συνθετικές εικόνες που δημιουργούνται από Μοντέλα Διάχυσης Latent ή παρόμοιες αρχιτεκτονικές. Η αρχιτεκτονική του μοντέλου είναι μια παραλλαγή του ResNet-50, εκπαιδευμένη να καταγράφει χαμηλού επιπέδου τεχνουργήματα που εισάγονται από το γενετικό μοντέλο.	Questo modello può rilevare immagini completamente sintetiche generate da modelli di diffusione latente o architetture simili. L'architettura del modello è una variante del ResNet-50, addestrata per catturare artefatti di basso livello introdotti dal modello generativo.	يمكن لهذا النموذج اكتشاف الصور الاصطناعية تمامًا التي تم إنشاؤها بواسطة نماذج الانتشار الكامن أو البنى المماثلة. يعد هيكل النموذج متغيرًا من ResNet-50، تم تدريبه لالتقاط القطع الأثرية منخفضة المستوى التي يقدمها النموذج التوليدي.	Dieses Modell kann vollständig synthetische Bilder erkennen, die von Latent-Diffusionsmodellen oder ähnlichen Architekturen generiert wurden. Die Architektur des Modells ist eine Variante von ResNet-50, die darauf trainiert wurde, niedrige Artefakte zu erfassen, die durch das generative Modell eingeführt wurden.	このモデルは、潜在拡散モデルまたは同様のアーキテクチャによって生成された完全合成画像を検出できます。このモデルのアーキテクチャは ResNet-50 のバリアントであり、生成モデルによって導入された低レベルのアーティファクトを検出するようにトレーニングされています。	Ez a modell képes észlelni a Latens Diffúziós Modellek vagy hasonló architektúrák által generált teljesen szintetikus képeket. A modell architektúrája a ResNet-50 változata, amelyet a generatív modell által bevezetett alacsony szintű artefaktumok rögzítésére képeztek ki.	Este modelo pode detectar imagens completamente sintéticas geradas por Modelos de Difusão Latente ou arquitecturas similares. A arquitectura do modelo é uma variante da ResNet-50, treinada para capturar artefatos de baixo nível introduzidos pelo modelo generativo.
synthetic_image_detection_alert	This image has been detected as generated with a	Cette image a été détectée comme générée avec un	Esta imagen ha sido detectada como generada con un	Αυτή η εικόνα έχει εντοπιστεί ότι δημιουργήθηκε με α	Questa immagine è stata rilevata come generata con a	تم اكتشاف هذه الصورة على أنها إنشاؤها باستخدام ملف تم	Dieses Bild wurde als erzeugt mit a erkannt	この画像は、次の手法で生成されたものとして検出されました。	Ez a képet a következő algoritmussal generáltnak észlelték	Esta imagem foi detectada como gerada com um
synthetic_image_detection_alert_2	algorithm	algorithmique	algorítmico	algorithm	algoritmo	خوارزمية	Algorithmus	アルゴリズム	algoritmus	algoritmo
synthetic_image_detection_error_400	Error: Invalid image link. Ensure it points to a publicly accessible image with dimensions between 128x128 and 2M000x2000 pixels.	Erreur : Lien d'image invalide. Assurez-vous qu'il pointe vers une image accessible publiquement avec des dimensions entre 128x128 et 2Mpx.	Error: Enlace de imagen no válido. Asegúrate de que apunte a una imagen accesible públicamente con dimensiones entre 128x128 y 2Mpx.	Σφάλμα: Άκυρος σύνδεσμος εικόνας. Βεβαιωθείτε ότι δείχνει προς μια δημόσια προσβάσιμη εικόνα με διαστάσεις από 128x128 έως 2Mpx.	Errore: collegamento immagine non valido. Assicurati che rimandi a un'immagine accessibile pubblicamente con dimensioni comprese tra 128x128 e 2Mpx.	خطأ: رابط الصورة غير صالح. تأكد من أنه يشير إلى صورة متاحة علنياً بأبعاد تتراوح بين 128x128 وx2Mpx بكسل.	Fehler: Ungültiger Bildverbindung. Stellen Sie sicher, dass es auf ein öffentlich zugängliches Bild mit Abmessungen zwischen 128x128 und 2Mpx zeigt.	エラー: 無効な画像リンクです。 128x128 から 2M000x2000 ピクセルの範囲の、公的にアクセス可能な画像を指定していることを確認してください。	Hiba: Érvénytelen képlink. Győződjön meg arról, hogy nyilvánosan elérhető képre mutat, amelynek mérete 128x128 és 2M000x2000 pixel között van.	Erro: Link de imagem inválido. Certifique-se de que ele aponta para uma imagem publicamente acessível com dimensões entre 128x128 e 2Mpx.
synthetic_image_detection_error_generic	An error happened. Please try again or try a different image	Une erreur s'est produite. Veuillez réessayer ou essayer une image différente.	Se produjo un error. Por favor, inténtalo de nuevo o prueba con una imagen diferente.	Προέκυψε ένα σφάλμα. Παρακαλώ δοκιμάστε ξανά ή δοκιμάστε μια διαφορετική εικόνα.	Si è verificato un errore. Riprova o prova con un'immagine diversa	حدث خطأ. يرجى المحاولة مرة أخرى أو جرب صورة مختلفة.	Ein Fehler trat auf. Bitte versuchen Sie es erneut oder probieren Sie ein anderes Bild aus	エラーが発生しました。もう一度試すか、別の画像を試してください	Hiba történt. Kérjük, próbálja újra, vagy próbáljon ki egy másik képet	Ocorreu um erro. Por favor, tente novamente ou experimente uma imagem diferente.
synthetic_image_detection_algorithms_errors	One or more algorithms returned errors. The analysis may be incomplete. Make sure the image has dimensions between 128x128 and 2Mpx.	Un ou plusieurs algorithmes ont renvoyé des erreurs. L'analyse peut être incomplète. Assurez-vous que l'image a des dimensions comprises entre 128x128 et 2Mpx.	Uno o más algoritmos devolvieron errores. El análisis puede estar incompleto. Asegúrese de que la imagen tenga dimensiones entre 128x128 y 2Mpx.	Ένας ή περισσότεροι αλγόριθμοι επέστρεψαν σφάλματα. Η ανάλυση μπορεί να είναι ατελής. Βεβαιωθείτε ότι η εικόνα έχει διαστάσεις μεταξύ 128x128 και 2Mpx.	Uno o più algoritmi hanno restituito errori. L'analisi potrebbe essere incompleta. Assicurati che l'immagine abbia dimensioni comprese tra 128x128 e 2Mpx.	أحد أو أكثر من الخوارزميات قد عادت بأخطاء. قد تكون التحليلات غير مكتملة. تأكد من أن الصورة لها أبعاد بين 128x128 و 2000x2Mpx000 بكسل.	Einer oder mehrere Algorithmen haben Fehler zurückgegeben. Die Analyse kann unvollständig sein. Stellen Sie sicher, dass das Bild Abmessungen zwischen 128x128 und 2Mpx hat.	1 つ以上のアルゴリズムがエラーを返しました。分析が不完全である可能性があります。画像のサイズが 128x128 ～ 2Mpx であることを確認してください。	Egy vagy több algoritmus hibát adott vissza. Az elemzés hiányos lehet. Győződjön meg arról, hogy a kép mérete 128x128 és 2Mpx között van.	Um ou mais algoritmos retornaram erros. A análise pode estar incompleta. Certifique-se de que a imagem tenha dimensões entre 128x128 e 2Mpx.
synthetic_image_detection_not_found	No detection found	Aucune détection	No se encontró ninguna detección	Δεν βρέθηκε ανίχνευση	Nessun rilevamento trovato	لم يتم العثور على كشف	Keine Erkennung gefunden	検出が見つかりませんでした	Nem található észlelés	Nenhuma detecção encontrada
submit_button	Submit	Envoyer	Enviar	Υποβολή	Invia	إرسال	Einreichen	送信	Küldés	Enviar
button_localfile	Local file	Fichier local	Fichero local	Τοπικό αρχείο	Archivio locale	ملف محلي	Lokale Datei	ローカルファイル	Helyi fájl	Arquivo local
synthetic_image_detection_gauge_detection	Detection	Détection	Detección	Ανίχνευση	Rilevamento	الكشف	Erkennung	検出	Észlelés	Detecção
synthetic_image_detection_gauge_no_detection	No detection	Aucune détection	Sin detección	Χωρίς ανίχνευση	Nessun rilevamento	لا يوجد كشف	Keine Erkennung	検出されない	Nincs észlelés	Sem detecção
synthetic_image_detection_additional_results	View Detection for Submitted Image	Afficher la détection pour l'image téléchargée	Ver detección para la imagen enviada	Δείτε την ανίχνευση για την υποβληθείσα εικόνα	Visualizza rilevamento per l'immagine inviata	عرض الكشف عن الصورة المقدمة	Erkennung für übermitteltes Bild anzeigen	送信された画像のビュー検出	Észlelés megtekintése a beküldött képhez	Ver detecção para a imagem enviada
synthetic_image_detection_additional_results_hide	Hide Detection for Submitted Image	Masquer la détection pour l'image téléchargée	Ocultar la detección para la imagen enviada	Απόκρυψη ανίχνευσης για την υποβληθείσα εικόνα	Nascondi rilevamento per l'immagine inviata	إخفاء الكشف عن الصورة المقدمة	Erkennung für übermitteltes Bild ausblenden	送信された画像の検出を非表示にする	Észlelés elrejtése a beküldött képhez	Ocultar a detecção para a imagem enviada
synthetic_image_detection_ndd_additional_results	View Detection details for Similar Images	Afficher les détails de détection pour les images similaires	Ver detalles de detección para imágenes similares	Δείτε λεπτομέρειες ανίχνευσης για παρόμοιες εικόνες	Visualizza i dettagli del rilevamento per immagini simili	عرض تفاصيل الكشف عن الصور المشابهة	Erkennungsdetails für ähnliche Bilder anzeigen	類似画像の検出の詳細を表示	Észlelési részletek megtekintése a hasonló képekhez	Ver detalhes de detecção para imagens similares
synthetic_image_detection_ndd_additional_results_hide	Hide detection details for similar images	Masquer les détails de détection pour des images similaires	Ocultar detalles de detección para imágenes similares	Απόκρυψη λεπτομερειών ανίχνευσης για παρόμοιες εικόνες	Nascondi dettagli di rilevamento per immagini simili	إخفاء تفاصيل الكشف عن صور مماثلة	Erkennungsdetails für ähnliche Bilder ausblenden	類似画像の検出詳細を非表示にする	Észlelési részletek elrejtése a hasonló képekhez	Ocultar detalhes de detecção para imagens similares
synthetic_image_detection_rating	Explanation: The veraAI detector of the verification plugin finds	Explication : Le détecteur veraAI du plugin de vérification a trouvé	Explicación: El detector veraAI del plugin InVID-WeVerify encontro	Εξήγηση: Βρίσκει ο ανιχνευτής veraAI της προσθήκης InVID-WeVerify	Spiegazione: I rilevatore veraAI del plugin InVID-WeVerify trova	توضيح: تم العثور على كاشف veraAI الخاص بالبرنامج المساعد InVID-WeVerifyتفسي:	Erklärung: Der veraAI-Detektor des InVID-WeVerify-Plugins hat gefinden	説明: 検証プラグインの veraAI 検出ツールは次のことを検出しました。	Magyarázat: A verAI detektor a hitelesítő pluginban	Explicação: O detector veraAI do plugin InVID-WeVerify encontrou
synthetic_image_detection_rating_4	very strong evidence suggesting that this image is synthetic	très fortes preuves suggérant que cette image est synthétique	muy fuertes evidencias sugiriendo que esta imagen es sintética	πολύ δυνατές ενδείξεις που υποδεικνύουν ότι αυτή η εικόνα είναι συνθετική	prove molto forti che suggeriscono che questa immagine è sintetica	دلائل قوية جدا تشير إلى أن هذه الصورة اصطناعية	sehr starke hinweise darauf, dass dieses bild synthetisch ist	この画像が合成であることを示唆する非常に強力な証拠があります	nagyon erős bizonyítékot talál arra, hogy ez a kép szintetikus	evidências muito fortes sugerindo que esta imagem é sintética
synthetic_image_detection_rating_3	strong evidence suggesting that this image is synthetic	des preuves solides suggérant que cette image est synthétique	fuertes evidencias sugiriendo que esta imagen es sintética	δυνατά ενδείξεις που υποδεικνύουν ότι αυτή η εικόνα είναι συνθετική	forti evidenze che suggeriscono che questa immagine è sintetica	دلائل قوية تشير إلى أن هذه الصورة اصطناعية	starke hinweise darauf, dass dieses bild synthetisch ist	この画像が合成であることを示唆する強力な証拠があります	erős bizonyítékot talál arra, hogy ez a kép szintetikus	evidências fortes sugerindo que esta imagem é sintética
synthetic_image_detection_rating_2	moderate evidence (suspicious but non conclusive) suggesting that this image could be synthetic. The absence of detection does not guarantee the image is not post-edited.	preuves modérées (suspectes mais non concluantes) suggérant que cette image pourrait être synthétique. L'absence de détection ne garantit pas que l'image n'a pas été post-éditée.	evidencia moderada (sospechosa pero no concluyente) que sugiere que esta imagen pueda ser sintética. La ausencia de detección no garantiza que la imagen no haya sido editada posteriormente.	μέτρια στοιχεία (ύποπτα μη αλλά πειστικά) που υποδεικνύουν ότι αυτή η εικόνα είναι συνθετική. Η απουσία ανίχνευσης δεν εγγυάται ότι η εικόνα δεν έχει επεξεργαστεί μετά.	evidenze moderate (sospette ma non conclusive) che suggeriscono che questa immagine potrebbe essere sintetica. L'assenza di rilevamento non garantisce che l'immagine non sia stata post-editata.	أدلة معتدلة (مشبوهة ولكنها غير قاطعة) تشير إلى أن هذه الصورة يمكن أن تكون اصطناعية. لا يضمن عدم الكشف أن الصورة لم تكن محرفة بعد ذلك.	moderate (verdächtig, aber nicht schlüssig) hinweise darauf, dass dieses bild synthetisch sein könnte. Das Fehlen einer Erkennung garantiert nicht, dass das Bild nicht nachbearbeitet wurde.	この画像が合成である可能性を示唆する中程度の証拠があります (疑わしいが決定的ではない)。検出されないことは、画像が編集されていないことを保証するものではありません。	mérsékelt bizonyítékot (gyanús, de nem meggyőző) talál arra, hogy ez a kép szintetikus lehet. Az észlelés hiánya nem garantálja, hogy a kép nincs utólag szerkesztve.	evidência moderada (suspeita, mas não conclusiva) sugerindo que esta imagem possa ser sintética. A ausência de detecção não garante que a imagem não tenha sido pós-editada.
synthetic_image_detection_rating_1	weak evidence (non conclusive) suggesting that this image could be synthetic. The absence of detection does not guarantee the image is not post-edited.	preuves faibles (non concluantes) suggérant que cette image pourrait être synthétique. L'absence de détection ne garantit pas que l'image n'a pas été post-éditée.	evidencia débil (no concluyente) que sugiere que esta imagen pueda ser sintética. La ausencia de detección no garantiza que la imagen no haya sido editada posteriormente.	αδύναμα στοιχεία (μη πειστικά) που υποδεικνύουν ότι αυτή η εικόνα είναι συνθετική. Η απουσία ανίχνευσης δεν εγγυάται ότι η εικόνα δεν έχει επεξεργαστεί μετά.	evidenze deboli (non conclusive) che suggeriscono che questa immagine potrebbe essere sintetica. L'assenza di rilevamento non garantisce che l'immagine non sia stata post-editata.	أدلة ضعيفة (غير قاطعة) تشير إلى أن هذه الصورة يمكن أن تكون اصطناعية. لا يضمن عدم الكشف أن الصورة لم تكن محرفة بعد ذلك.	schwache (nicht schlüssige) hinweise darauf, dass dieses bild synthetisch sein könnte. Das Fehlen einer Erkennung garantiert nicht, dass das Bild nicht nachbearbeitet wurde.	この画像が合成である可能性を示唆する弱い証拠があります (決定的ではありません)。検出されないことは、画像が編集されていないことを保証するものではありません。	gyenge bizonyítékot (nem meggyőző) talál arra, hogy ez a kép szintetikus lehet. Az észlelés hiánya nem garantálja, hogy a kép nincs utólag szerkesztve.	evidência fraca (não conclusiva) que sugere que esta imagem possa ser sintética. A ausência de detecção não garante que a imagem não tenha sido editada posteriormente.
synthetic_image_detection_button_copy_text_1	Copy text	Copier le texte	Copiar texto	Αντιγραφή κειμένου	Copia testo	نسخ النص	Text kopieren	テキストをコピーする	Szöveg másolása	Copiar texto
synthetic_image_detection_button_copy_text_2	Text copied!	Texte copié !	¡Texto copiado!	Κείμενο αντιγράφηκε!	Testo copiato!	تم نسخ النص!	Text kopiert!	テキストがコピーされました!	Szöveg másolva!	Texto copiado!
synthetic_image_detection_alert_label_4	Very strong evidence	Fortes preuves	Pruebas muy sólidas	Πολύ ισχυρά ενδείξεις	Forti evidenze	أدلة قوية جدًا	Sehr starke Beweise	非常に強力な証拠	Nagyon erős bizonyíték	Evidências muito sólidas
synthetic_image_detection_alert_label_3	Strong evidence	Preuves solides	Evidencia sólida	Ισχυρές ενδείξεις	Evidenza forte	أدلة قوية	Starke Beweise	強力な証拠	Erős bizonyíték	Evidência sólida
synthetic_image_detection_alert_label_2	Moderate evidence (suspicious but non conclusive)	Preuves modérées (suspectes mais non concluantes)	Evidencia moderada (sospechosa pero no concluyente)	Μέτριες ενδείξεις (ύποπτες αλλά μη συμπερασματικές)	Evidenza moderata (sospetta ma non conclusiva)	أدلة معتدلة (مشبوهة ولكن غير نهائية)	Moderate Beweise (verdächtig, aber nicht abschließend)	中程度の証拠（疑わしいが決定的ではない）	Mérsékelt bizonyíték (gyanús, de nem meggyőző)	Evidência moderada (suspeita
synthetic_image_detection_alert_label_1	Weak evidence (non conclusive)	Preuves faibles (non concluantes)	Evidencia débil (no concluyente)	Αδύναμες ενδείξεις (μη συμπερασματικές)	Evidenza debole (non conclusiva)	أدلة ضعيفة (غير نهائية)	Schwache Beweise (nicht abschließend)	弱い証拠（決定的ではない）	Gyenge bizonyíték (nem meggyőző)	Evidência fraca (não conclusiva)
synthetic_image_detection_probability_text	Probability:	Probabilité :	Probabilidad:	Πιθανότητα:	Probabilità:	احتمالية:	Wahrscheinlichkeit:	確率:	Valószínűség:	Probabilidade:
synthetic_image_detection_generic_detection_text	AI-Generated image detected	Image générée par IA détectée	Imagen generada por IA detectada	Εντοπίστηκε εικόνα που δημιουργήθηκε από τεχνητή νοημοσύνη	Immagine generata da IA rilevata	تم اكتشاف صورة تم إنشاؤها بواسطة الذكاء الاصطناعي	AI-generiertes Bild erkannt	AI生成画像を検出	AI-generált kép észlelve	Imagem gerada por IA detectada
synthetic_image_detection_generic_inconclusive_text	Inconclusive results	Résultats inconclusifs	Resultados inconclusivos	Resultados inconcluyentes	Risultati inconcludenti	نتائج غير حاسمة	Unverbindliche Ergebnisse	決定的ではない結果	Nem meggyőző eredmények	Resultados inconclusivos
synthetic_image_detection_generic_detection_text_ndd	Similar images detected	Images similaires détectées	Imágenes similares detectadas	Εντοπίστηκαν παρόμοιες εικόνες	Immagini simili rilevate	تم اكتشاف صور مشابهة	Ähnliche Bilder erkannt	類似した画像が検出されました	Hasonló képek észlelve	Imagens similares detectadas
synthetic_image_detection_scale_explanation_link	What do the gauge colors mean?	Que signifient les couleurs de la jauge ?	¿Qué significan los colores del indicador?	Τι σημαίνουν τα χρώματα του μετρητή;	Cosa significano i colori del indicatore?	ماذا تعني ألوان العداد؟	Was bedeuten die Farben der Anzeige?	ゲージの色は何を意味しますか?	Mit jelentenek a mérőszínok?	O que significam as cores do indicador?
synthetic_image_detection_scale_modal_explanation_title	What do the gauge colors mean?	Que signifient les couleurs de la jauge ?	¿Qué significan los colores del indicador?	Τι σημαίνουν τα χρώματα του μετρητή;	Cosa significano i colori del indicatore?	ماذا تعني ألوان العداد؟	Was bedeuten die Farben der Anzeige?	ゲージの色は何を意味しますか?	Mit jelentenek a mérőszínok?	O que significam as cores do indicador?
gauge_scale_modal_explanation_rating_1	<50% - Weak evidence (non-conclusive)	<50 % - Preuves faibles (non concluantes)	<50 % - Evidencia débil (no concluyente)	<50 % - Αδύναμες ενδείξεις (μη συμπερασματικές)	<50 % - Evidenza debole (non conclusiva)	<50 % - أدلة ضعيفة (غير نهائية)	<50 % - Schwache Beweise (nicht abschließend)	<50% - 弱い証拠 (決定的ではない)	<50% - Gyenge bizonyíték (nem meggyőző)	<50% - Evidência fraca (não conclusiva)
gauge_scale_modal_explanation_rating_2	≥50% - Moderate evidence (suspicious but non-conclusive)	≥50 % - Preuves modérées (suspectes mais non concluantes)	≥50 % - Evidencia moderada (sospechosa pero no concluyente)	≥50 % - Μέτριες ενδείξεις (ύποπτες αλλά μη συμπερασματικές)	≥50 % - Evidenza moderata (sospetta ma non conclusiva)	≥50 % - أدلة معتدلة (مشبوهة ولكن غير نهائية)	≥50 % - Moderate Beweise (verdächtig, aber nicht abschließend)	≥50% - 中程度の証拠 (疑わしいが決定的ではない)	≥50% - Mérsékelt bizonyíték (gyanús, de nem meggyőző)	≥50% - Evidência moderada (suspeita
gauge_scale_modal_explanation_rating_3	≥70% - Strong evidence (AI-generated)	≥70 % - Preuves solides (générées par IA)	≥70 % - Evidencia sólida (generada por IA)	≥70 % - Ισχυρές ενδείξεις (δημιουργημένες από AI)	≥70 % - Forti evidenze (generate da IA)	≥70 % - أدلة قوية (تم إنشاؤها بواسطة الذكاء الاصطناعي)	≥70 % - Starke Beweise (KI-generiert)	≥70% - 強力な証拠 (AI 生成)	≥70% - Erős bizonyíték (AI-generált)	≥70% - Evidência sólida (gerada por IA)
gauge_scale_modal_explanation_rating_4	≥90% - Very strong evidence (AI-generated)	≥90 % - Preuves très solides (générées par IA)	≥90 % - Evidencia muy sólida (generada por IA)	≥90 % - Πολύ ισχυρές ενδείξεις (δημιουργημένες από AI)	≥90 % - Evidenze molto forti (generate da IA)	≥90 % - أدلة قوية جداً (تم إنشاؤها بواسطة الذكاء الاصطناعي)	≥90 % - Sehr starke Beweise (KI-generiert)	≥90% - 非常に強力な証拠 (AI 生成)	≥90% - Nagyon erős bizonyíték (AI-generált)	≥90% - Evidência muito sólida (gerada por IA)
synthetic_image_detection_download_gauge_button	Download Gauge Chart as jpeg file	Télécharger le graphique de jauge en tant que fichier jpeg	Descargar gráfico de indicadores como archivo jpeg	Λήψη γραφήματος μέτρησης ως αρχείο jpeg	Scarica il grafico della misura come file jpeg	تحميل مخطط القياس كملف jpeg	Downloaden Sie das Messgerätendiagramm als jpeg-Datei	ゲージチャートをjpegファイルとしてダウンロード	Mérődiagram letöltése jpeg fájlként	Baixar gráfico de indicadores como arquivo jpeg
synthetic_image_detection_ndd_info	Similar images were detected as synthetic. See detection details for similar images below.	Des images similaires ont été détectées comme synthétiques. Voir les détails de détection pour des images similaires ci-dessous.	Se detectaron imágenes similares como sintéticas. Vea los detalles de detección para imágenes similares a continuación.	Παρόμοιες εικόνες ανιχνεύθηκαν ως συνθετικές. Δείτε λεπτομέρειες ανίχνευσης για παρόμοιες εικόνες παρακάτω.	Sono state rilevate immagini simili come sintetiche. Vedere i dettagli del rilevamento per immagini simili di seguito.	تم اكتشاف صور مماثلة على أنها اصطناعية. انظر تفاصيل الكشف عن الصور المشابهة أدناه.	Ähnliche Bilder wurden als synthetisch erkannt. Siehe Erkennungsdetails für ähnliche Bilder unten.	類似した画像が合成画像として検出されました。以下の同様の画像の検出の詳細を参照してください。	Hasonló képeket szintetikusnak észleltek. Lásd az észlelési részleteket a hasonló képeknél lentebb.	Imagens similares foram detectadas como sintéticas. Veja os detalhes de detecção para imagens similares abaixo.
synthetic_image_detection_ndd_table_header_1	ID	ID	ID	Ταυτότητα	ID	معرف	ID	ID	ID	ID
synthetic_image_detection_ndd_table_header_2	Image	Image	Image	Εικόνα	Immagine	صورة	Bild	画像	Kép	Imagem
synthetic_image_detection_ndd_table_header_3	Algorithm #	Algorithme #	Algoritmo #	Αλγόριθμος #	Algoritmo #	الخوارزمية #	Algorithmus #	アルゴリズム #	Algoritmus #	Algoritmo #
synthetic_image_detection_ndd_table_header_4	Score #	Score #	Puntuación #	Βαθμολογία #	Punteggio #	النتيجة #	Ergebnis #	スコア ＃	Pontszám #	Pontuação #
synthetic_image_detection_ndd_table_header_5	Archive URL	URL d'archive	URL de archivo	Σύνδεσμος αρχείου	URL di archivio	رابط الأرشيف	Archiv-URL	アーカイブURL	Archív URL	URL do arquivo
synthetic_image_detection_ndd_table_header_6	Image URLs	URLs des images	URLs de imágenes	Σύνδεσμοι εικόνων	URL delle immagini	روابط الصور	Bild-URLs	画像の URL	Kép URL-ek	URLs das imagens
synthetic_image_detection_ndd_table_header_7	Open analysis	Ouvrir l'analyse	Abrir análisis	Άνοιγμα ανάλυσης	Apri analisi	فتح التحليل	Analyse öffnen	オープン解析	Elemzés megnyitása	Abrir análise
